[{"model": "admin.logentry", "pk": 1, "fields": {"action_time": "2025-01-06T01:19:59.760Z", "user": 1, "content_type": 8, "object_id": "1", "object_repr": "Ресторан", "action_flag": 1, "change_message": "[{\"added\": {}}]"}}, {"model": "admin.logentry", "pk": 2, "fields": {"action_time": "2025-01-06T01:20:09.638Z", "user": 1, "content_type": 8, "object_id": "2", "object_repr": "Фастфуд", "action_flag": 1, "change_message": "[{\"added\": {}}]"}}, {"model": "admin.logentry", "pk": 3, "fields": {"action_time": "2025-01-06T01:20:13.975Z", "user": 1, "content_type": 8, "object_id": "3", "object_repr": "Бар", "action_flag": 1, "change_message": "[{\"added\": {}}]"}}, {"model": "admin.logentry", "pk": 4, "fields": {"action_time": "2025-01-06T01:22:23.590Z", "user": 1, "content_type": 8, "object_id": "4", "object_repr": "Кафе", "action_flag": 1, "change_message": "[{\"added\": {}}]"}}, {"model": "admin.logentry", "pk": 5, "fields": {"action_time": "2025-01-06T01:22:27.894Z", "user": 1, "content_type": 8, "object_id": "5", "object_repr": "Кофейня", "action_flag": 1, "change_message": "[{\"added\": {}}]"}}, {"model": "admin.logentry", "pk": 6, "fields": {"action_time": "2025-01-06T01:22:35.788Z", "user": 1, "content_type": 8, "object_id": "6", "object_repr": "Кондитерская", "action_flag": 1, "change_message": "[{\"added\": {}}]"}}, {"model": "admin.logentry", "pk": 7, "fields": {"action_time": "2025-01-06T01:22:40.222Z", "user": 1, "content_type": 8, "object_id": "7", "object_repr": "Суши-бар", "action_flag": 1, "change_message": "[{\"added\": {}}]"}}, {"model": "admin.logentry", "pk": 8, "fields": {"action_time": "2025-01-06T01:22:45.275Z", "user": 1, "content_type": 8, "object_id": "8", "object_repr": "Чайная", "action_flag": 1, "change_message": "[{\"added\": {}}]"}}, {"model": "admin.logentry", "pk": 9, "fields": {"action_time": "2025-01-06T01:22:52.550Z", "user": 1, "content_type": 8, "object_id": "9", "object_repr": "Пиццерия", "action_flag": 1, "change_message": "[{\"added\": {}}]"}}, {"model": "admin.logentry", "pk": 10, "fields": {"action_time": "2025-01-06T01:23:03.484Z", "user": 1, "content_type": 8, "object_id": "10", "object_repr": "Столовая", "action_flag": 1, "change_message": "[{\"added\": {}}]"}}, {"model": "admin.logentry", "pk": 11, "fields": {"action_time": "2025-01-06T01:26:26.897Z", "user": 1, "content_type": 9, "object_id": "1", "object_repr": "Зеленый угол", "action_flag": 1, "change_message": "[{\"added\": {}}]"}}, {"model": "admin.logentry", "pk": 12, "fields": {"action_time": "2025-01-06T01:26:53.748Z", "user": 1, "content_type": 9, "object_id": "2", "object_repr": "Гриль и Вино", "action_flag": 1, "change_message": "[{\"added\": {}}]"}}, {"model": "admin.logentry", "pk": 13, "fields": {"action_time": "2025-01-06T01:27:17.168Z", "user": 1, "content_type": 9, "object_id": "3", "object_repr": "Мама Мия", "action_flag": 1, "change_message": "[{\"added\": {}}]"}}, {"model": "admin.logentry", "pk": 14, "fields": {"action_time": "2025-01-06T01:27:38.530Z", "user": 1, "content_type": 9, "object_id": "4", "object_repr": "Черная кошка", "action_flag": 1, "change_message": "[{\"added\": {}}]"}}, {"model": "admin.logentry", "pk": 15, "fields": {"action_time": "2025-01-06T01:28:14.477Z", "user": 1, "content_type": 9, "object_id": "5", "object_repr": "Восточные традиции", "action_flag": 1, "change_message": "[{\"added\": {}}]"}}, {"model": "admin.logentry", "pk": 16, "fields": {"action_time": "2025-01-06T01:28:35.084Z", "user": 1, "content_type": 9, "object_id": "6", "object_repr": "Дружба", "action_flag": 1, "change_message": "[{\"added\": {}}]"}}, {"model": "admin.logentry", "pk": 17, "fields": {"action_time": "2025-01-06T01:29:02.620Z", "user": 1, "content_type": 9, "object_id": "7", "object_repr": "Горячий камень", "action_flag": 1, "change_message": "[{\"added\": {}}]"}}, {"model": "admin.logentry", "pk": 18, "fields": {"action_time": "2025-01-06T01:29:32.495Z", "user": 1, "content_type": 9, "object_id": "8", "object_repr": "Суши-ка", "action_flag": 1, "change_message": "[{\"added\": {}}]"}}, {"model": "admin.logentry", "pk": 19, "fields": {"action_time": "2025-01-06T01:29:39.033Z", "user": 1, "content_type": 9, "object_id": "1", "object_repr": "Зеленый угол", "action_flag": 2, "change_message": "[{\"changed\": {\"fields\": [\"\\u0410\\u0434\\u0440\\u0435\\u0441 \\u0437\\u0430\\u0432\\u0435\\u0434\\u0435\\u043d\\u0438\\u044f\"]}}]"}}, {"model": "admin.logentry", "pk": 20, "fields": {"action_time": "2025-01-06T01:29:51.073Z", "user": 1, "content_type": 9, "object_id": "3", "object_repr": "Мама Мия", "action_flag": 2, "change_message": "[{\"changed\": {\"fields\": [\"\\u041f\\u043e\\u043b\\u0435 \\u0434\\u043b\\u044f \\u0441\\u0432\\u044f\\u0437\\u0438 \\u0441 \\u043a\\u0430\\u0442\\u0435\\u0433\\u043e\\u0440\\u0438\\u0435\\u0439 \\u0437\\u0430\\u0432\\u0435\\u0434\\u0435\\u043d\\u0438\\u044f\"]}}]"}}, {"model": "admin.logentry", "pk": 21, "fields": {"action_time": "2025-01-06T01:34:02.105Z", "user": 1, "content_type": 13, "object_id": "1", "object_repr": "admin@mail.ru Зеленый угол Понравилось, хорошее заведение", "action_flag": 1, "change_message": "[{\"added\": {}}]"}}, {"model": "admin.logentry", "pk": 22, "fields": {"action_time": "2025-01-06T01:34:34.110Z", "user": 1, "content_type": 13, "object_id": "2", "object_repr": "fan@pizza.man Зеленый угол Заведение топ! Есть даже пицца", "action_flag": 1, "change_message": "[{\"added\": {}}]"}}, {"model": "admin.logentry", "pk": 23, "fields": {"action_time": "2025-01-06T01:35:37.466Z", "user": 1, "content_type": 13, "object_id": "3", "object_repr": "fan@tea.man Зеленый угол Мда, разочарован. Из чая тольк", "action_flag": 1, "change_message": "[{\"added\": {}}]"}}, {"model": "admin.logentry", "pk": 24, "fields": {"action_time": "2025-01-06T01:36:10.448Z", "user": 1, "content_type": 13, "object_id": "4", "object_repr": "fan@restouran.man Гриль и Вино Прекрасное заведение! Вина вос", "action_flag": 1, "change_message": "[{\"added\": {}}]"}}, {"model": "admin.logentry", "pk": 25, "fields": {"action_time": "2025-01-06T01:36:41.493Z", "user": 1, "content_type": 13, "object_id": "5", "object_repr": "fan@sushi.man Гриль и Вино Я не понял, что это за рестора", "action_flag": 1, "change_message": "[{\"added\": {}}]"}}, {"model": "admin.logentry", "pk": 26, "fields": {"action_time": "2025-01-06T01:37:19.306Z", "user": 1, "content_type": 13, "object_id": "6", "object_repr": "fan@tea.man Гриль и Вино Есть вкусные чаи, травяные и в", "action_flag": 1, "change_message": "[{\"added\": {}}]"}}, {"model": "admin.logentry", "pk": 27, "fields": {"action_time": "2025-01-06T01:37:46.730Z", "user": 1, "content_type": 13, "object_id": "7", "object_repr": "fan@bar.man Гриль и Вино Есть алкоголь, был рад вечером", "action_flag": 1, "change_message": "[{\"added\": {}}]"}}, {"model": "admin.logentry", "pk": 28, "fields": {"action_time": "2025-01-06T01:38:12.527Z", "user": 1, "content_type": 13, "object_id": "8", "object_repr": "fan@pizza.man Мама Мия Супер! Множество пицц, это кру", "action_flag": 1, "change_message": "[{\"added\": {}}]"}}, {"model": "admin.logentry", "pk": 29, "fields": {"action_time": "2025-01-06T01:38:46.352Z", "user": 1, "content_type": 13, "object_id": "9", "object_repr": "fan@stolovka.man Мама Мия Нормально, можно зайти похават", "action_flag": 1, "change_message": "[{\"added\": {}}]"}}, {"model": "admin.logentry", "pk": 30, "fields": {"action_time": "2025-01-06T01:39:11.377Z", "user": 1, "content_type": 13, "object_id": "10", "object_repr": "fan@coffee.man Черная кошка Прекрасно! Огромный выбор кофе", "action_flag": 1, "change_message": "[{\"added\": {}}]"}}, {"model": "admin.logentry", "pk": 31, "fields": {"action_time": "2025-01-06T01:39:52.690Z", "user": 1, "content_type": 13, "object_id": "11", "object_repr": "fan@tea.man Черная кошка А ГДЕ ЧАЙ?!", "action_flag": 1, "change_message": "[{\"added\": {}}]"}}, {"model": "admin.logentry", "pk": 32, "fields": {"action_time": "2025-01-06T01:40:13.187Z", "user": 1, "content_type": 13, "object_id": "12", "object_repr": "fan@stolovka.man Дружба Супер! И дешево и вкусно!", "action_flag": 1, "change_message": "[{\"added\": {}}]"}}, {"model": "admin.logentry", "pk": 33, "fields": {"action_time": "2025-01-06T01:40:39.274Z", "user": 1, "content_type": 13, "object_id": "13", "object_repr": "fan@restouran.man Дружба Мда, это конечно не понятно чт", "action_flag": 1, "change_message": "[{\"added\": {}}]"}}, {"model": "admin.logentry", "pk": 34, "fields": {"action_time": "2025-01-06T01:41:27.309Z", "user": 1, "content_type": 12, "object_id": "1", "object_repr": "fan@tea.man Гриль и Вино Добавите нормальный чай или не", "action_flag": 1, "change_message": "[{\"added\": {}}]"}}, {"model": "admin.logentry", "pk": 35, "fields": {"action_time": "2025-01-06T01:41:46.494Z", "user": 1, "content_type": 12, "object_id": "2", "object_repr": "fan@sushi.man Зеленый угол Будут ли суши?", "action_flag": 1, "change_message": "[{\"added\": {}}]"}}, {"model": "admin.logentry", "pk": 36, "fields": {"action_time": "2025-01-06T01:42:14.446Z", "user": 1, "content_type": 12, "object_id": "3", "object_repr": "fan@restouran.man Дружба Будете ли изменять интерьер в ", "action_flag": 1, "change_message": "[{\"added\": {}}]"}}, {"model": "admin.logentry", "pk": 37, "fields": {"action_time": "2025-01-06T01:43:27.288Z", "user": 1, "content_type": 14, "object_id": "1", "object_repr": "admin@mail.ru оставил 1 к admin@mail.ru Зеленый угол Понравилось, хорошее заведение", "action_flag": 1, "change_message": "[{\"added\": {}}]"}}, {"model": "admin.logentry", "pk": 38, "fields": {"action_time": "2025-01-06T01:43:39.755Z", "user": 1, "content_type": 14, "object_id": "2", "object_repr": "admin@mail.ru оставил -1 к fan@pizza.man Зеленый угол Заведение топ! Есть даже пицца", "action_flag": 1, "change_message": "[{\"added\": {}}]"}}, {"model": "admin.logentry", "pk": 39, "fields": {"action_time": "2025-01-06T01:44:09.946Z", "user": 1, "content_type": 14, "object_id": "3", "object_repr": "fan@sushi.man оставил 1 к fan@pizza.man Зеленый угол Заведение топ! Есть даже пицца", "action_flag": 1, "change_message": "[{\"added\": {}}]"}}, {"model": "admin.logentry", "pk": 40, "fields": {"action_time": "2025-01-06T01:44:22.707Z", "user": 1, "content_type": 14, "object_id": "4", "object_repr": "fan@bar.man оставил 1 к fan@pizza.man Зеленый угол Заведение топ! Есть даже пицца", "action_flag": 1, "change_message": "[{\"added\": {}}]"}}, {"model": "admin.logentry", "pk": 41, "fields": {"action_time": "2025-01-06T01:44:34.431Z", "user": 1, "content_type": 14, "object_id": "5", "object_repr": "fan@stolovka.man оставил 1 к fan@pizza.man Зеленый угол Заведение топ! Есть даже пицца", "action_flag": 1, "change_message": "[{\"added\": {}}]"}}, {"model": "admin.logentry", "pk": 42, "fields": {"action_time": "2025-01-06T01:45:10.268Z", "user": 1, "content_type": 11, "object_id": "1", "object_repr": "admin@mail.ru Да разве это пицца?! fan@pizza.man Зеленый угол Заведение топ! Есть даже пицца", "action_flag": 1, "change_message": "[{\"added\": {}}]"}}, {"model": "admin.logentry", "pk": 43, "fields": {"action_time": "2025-01-06T01:45:33.138Z", "user": 1, "content_type": 11, "object_id": "2", "object_repr": "fan@pizza.man Я в пиццах точно больше твоего admin@mail.ru Да разве это пицца?! fan@pizza.man Зеленый угол Заведение топ! Есть даже пицца", "action_flag": 1, "change_message": "[{\"added\": {}}]"}}, {"model": "admin.logentry", "pk": 44, "fields": {"action_time": "2025-01-06T02:00:43.407Z", "user": 1, "content_type": 10, "object_id": "1", "object_repr": "Суши-ка", "action_flag": 1, "change_message": "[{\"added\": {}}]"}}, {"model": "admin.logentry", "pk": 45, "fields": {"action_time": "2025-01-06T02:00:54.555Z", "user": 1, "content_type": 10, "object_id": "2", "object_repr": "Горячий камень", "action_flag": 1, "change_message": "[{\"added\": {}}]"}}, {"model": "admin.logentry", "pk": 46, "fields": {"action_time": "2025-01-06T02:01:01.268Z", "user": 1, "content_type": 10, "object_id": "3", "object_repr": "Дружба", "action_flag": 1, "change_message": "[{\"added\": {}}]"}}, {"model": "admin.logentry", "pk": 47, "fields": {"action_time": "2025-01-06T02:01:09.977Z", "user": 1, "content_type": 10, "object_id": "4", "object_repr": "Восточные традиции", "action_flag": 1, "change_message": "[{\"added\": {}}]"}}, {"model": "admin.logentry", "pk": 48, "fields": {"action_time": "2025-01-06T02:01:17.521Z", "user": 1, "content_type": 10, "object_id": "5", "object_repr": "Черная кошка", "action_flag": 1, "change_message": "[{\"added\": {}}]"}}, {"model": "admin.logentry", "pk": 49, "fields": {"action_time": "2025-01-06T02:01:24.122Z", "user": 1, "content_type": 10, "object_id": "6", "object_repr": "Мама Мия", "action_flag": 1, "change_message": "[{\"added\": {}}]"}}, {"model": "admin.logentry", "pk": 50, "fields": {"action_time": "2025-01-06T02:01:32.198Z", "user": 1, "content_type": 10, "object_id": "7", "object_repr": "Мама Мия", "action_flag": 1, "change_message": "[{\"added\": {}}]"}}, {"model": "admin.logentry", "pk": 51, "fields": {"action_time": "2025-01-06T02:01:39.062Z", "user": 1, "content_type": 10, "object_id": "8", "object_repr": "Гриль и Вино", "action_flag": 1, "change_message": "[{\"added\": {}}]"}}, {"model": "admin.logentry", "pk": 52, "fields": {"action_time": "2025-01-06T02:01:45.063Z", "user": 1, "content_type": 10, "object_id": "9", "object_repr": "Гриль и Вино", "action_flag": 1, "change_message": "[{\"added\": {}}]"}}, {"model": "admin.logentry", "pk": 53, "fields": {"action_time": "2025-01-06T02:01:52.460Z", "user": 1, "content_type": 10, "object_id": "10", "object_repr": "Гриль и Вино", "action_flag": 1, "change_message": "[{\"added\": {}}]"}}, {"model": "admin.logentry", "pk": 54, "fields": {"action_time": "2025-01-06T02:01:59.440Z", "user": 1, "content_type": 10, "object_id": "11", "object_repr": "Зеленый угол", "action_flag": 1, "change_message": "[{\"added\": {}}]"}}, {"model": "admin.logentry", "pk": 55, "fields": {"action_time": "2025-01-06T02:02:03.704Z", "user": 1, "content_type": 10, "object_id": "12", "object_repr": "Зеленый угол", "action_flag": 1, "change_message": "[{\"added\": {}}]"}}, {"model": "admin.logentry", "pk": 56, "fields": {"action_time": "2025-01-06T02:02:09.576Z", "user": 1, "content_type": 10, "object_id": "13", "object_repr": "Зеленый угол", "action_flag": 1, "change_message": "[{\"added\": {}}]"}}, {"model": "admin.logentry", "pk": 57, "fields": {"action_time": "2025-01-06T06:22:24.571Z", "user": 1, "content_type": 13, "object_id": "13", "object_repr": "fan@restouran.man Дружба Мда, это конечно не понятно чт", "action_flag": 2, "change_message": "[{\"changed\": {\"fields\": [\"\\u041f\\u043e\\u043b\\u0435 \\u0434\\u043b\\u044f \\u043e\\u0446\\u0435\\u043d\\u043a\\u0438 \\u0438\\u043d\\u0435\\u0440\\u044c\\u0435\\u0440\\u0430 \\u0432 \\u0437\\u0430\\u0432\\u0435\\u0434\\u0435\\u043d\\u0438\\u0438\"]}}]"}}, {"model": "sessions.session", "pk": "a8gv7onyt3jc89fu7jwfvf1sbfq208pm", "fields": {"session_data": ".eJxVjEEOwiAQRe_C2hBoAcGle8_QzHRmpGogKe3KeHfbpAvdvvf-f6sB1iUPa-N5mEhdlFWnX4YwPrnsgh5Q7lWPtSzzhHpP9GGbvlXi1_Vo_w4ytLytIwiyI8HoDXbJ2TM6SdZ1fQooATaKYplNCIHA9JBiMuDJg7EiGNTnC_d-OFo:1tUblB:KMWWokO5XpizoaUE-5ePQ9UUQOoQt-Gxbi4cQdDkLos", "expire_date": "2025-01-20T01:18:25.797Z"}}, {"model": "token_blacklist.outstandingtoken", "pk": 1, "fields": {"user": 1, "jti": "8828abc004424b76b57527a003e8add1", "token": "eyJhbGciOiJIUzI1NiIsInR5cCI6IkpXVCJ9.eyJ0b2tlbl90eXBlIjoicmVmcmVzaCIsImV4cCI6MTczNjc0NzQ5NywiaWF0IjoxNzM2MTQyNjk3LCJqdGkiOiI4ODI4YWJjMDA0NDI0Yjc2YjU3NTI3YTAwM2U4YWRkMSIsInVzZXJfaWQiOjF9._cR1A-v8MQTaVCVpC3AUeGAMRgaGXYqK4bO6UFArnZc", "created_at": "2025-01-06T05:51:37.927Z", "expires_at": "2025-01-13T05:51:37Z"}}, {"model": "token_blacklist.outstandingtoken", "pk": 2, "fields": {"user": 1, "jti": "4d4b0f3e7bc84358a75163abfe0db765", "token": "eyJhbGciOiJIUzI1NiIsInR5cCI6IkpXVCJ9.eyJ0b2tlbl90eXBlIjoicmVmcmVzaCIsImV4cCI6MTczNjc0NzUxNCwiaWF0IjoxNzM2MTQyNzE0LCJqdGkiOiI0ZDRiMGYzZTdiYzg0MzU4YTc1MTYzYWJmZTBkYjc2NSIsInVzZXJfaWQiOjF9.JyDmSa--K2NUHHQ2k7dQf-mTWBwD0eYuVKEOE_NKgtY", "created_at": "2025-01-06T05:51:54.643Z", "expires_at": "2025-01-13T05:51:54Z"}}, {"model": "token_blacklist.outstandingtoken", "pk": 3, "fields": {"user": 1, "jti": "9407b0711ece480784c14ea5d5852c30", "token": "eyJhbGciOiJIUzI1NiIsInR5cCI6IkpXVCJ9.eyJ0b2tlbl90eXBlIjoicmVmcmVzaCIsImV4cCI6MTczNjc0NzUxNywiaWF0IjoxNzM2MTQyNzE3LCJqdGkiOiI5NDA3YjA3MTFlY2U0ODA3ODRjMTRlYTVkNTg1MmMzMCIsInVzZXJfaWQiOjF9.kt2pn7wdsFEQqDCZHI14lsXTSCAcoRVcBYZ_azY0syU", "created_at": "2025-01-06T05:51:57.569Z", "expires_at": "2025-01-13T05:51:57Z"}}, {"model": "token_blacklist.outstandingtoken", "pk": 4, "fields": {"user": 1, "jti": "2032521ed12247d38643e60a25ebf6cf", "token": "eyJhbGciOiJIUzI1NiIsInR5cCI6IkpXVCJ9.eyJ0b2tlbl90eXBlIjoicmVmcmVzaCIsImV4cCI6MTczNjg1ODM4NiwiaWF0IjoxNzM2MjUzNTg2LCJqdGkiOiIyMDMyNTIxZWQxMjI0N2QzODY0M2U2MGEyNWViZjZjZiIsInVzZXJfaWQiOjF9.xBF6K5ngcQlKBE0gZdr7TtE01XljgAevswM7O2eLiLc", "created_at": "2025-01-07T12:39:46.825Z", "expires_at": "2025-01-14T12:39:46Z"}}, {"model": "token_blacklist.outstandingtoken", "pk": 5, "fields": {"user": 7, "jti": "c507e8fca65d4498a1beb061392ace8a", "token": "eyJhbGciOiJIUzI1NiIsInR5cCI6IkpXVCJ9.eyJ0b2tlbl90eXBlIjoicmVmcmVzaCIsImV4cCI6MTczNjkwMzQzOSwiaWF0IjoxNzM2Mjk4NjM5LCJqdGkiOiJjNTA3ZThmY2E2NWQ0NDk4YTFiZWIwNjEzOTJhY2U4YSIsInVzZXJfaWQiOjd9.1M26IWeVKAI_GkBZRJzytrWP9U7OX398wzn_I-dWInU", "created_at": "2025-01-08T01:10:39.479Z", "expires_at": "2025-01-15T01:10:39Z"}}, {"model": "token_blacklist.outstandingtoken", "pk": 6, "fields": {"user": 8, "jti": "f6e3823972ef40a0b1551558a69b0099", "token": "eyJhbGciOiJIUzI1NiIsInR5cCI6IkpXVCJ9.eyJ0b2tlbl90eXBlIjoicmVmcmVzaCIsImV4cCI6MTczNjkwMzgxMSwiaWF0IjoxNzM2Mjk5MDExLCJqdGkiOiJmNmUzODIzOTcyZWY0MGEwYjE1NTE1NThhNjliMDA5OSIsInVzZXJfaWQiOjh9.HvWtlco3qRqic3_Lw_BCY38_31JTkX0zbreJTLHkeuo", "created_at": "2025-01-08T01:16:51.135Z", "expires_at": "2025-01-15T01:16:51Z"}}, {"model": "token_blacklist.outstandingtoken", "pk": 7, "fields": {"user": 8, "jti": "7dc40a89481d4bdba42cc15931cf5820", "token": "eyJhbGciOiJIUzI1NiIsInR5cCI6IkpXVCJ9.eyJ0b2tlbl90eXBlIjoicmVmcmVzaCIsImV4cCI6MTczNjkwNDQwNiwiaWF0IjoxNzM2Mjk5NjA2LCJqdGkiOiI3ZGM0MGE4OTQ4MWQ0YmRiYTQyY2MxNTkzMWNmNTgyMCIsInVzZXJfaWQiOjh9.0xwLj6CzZYJDcFFvsm0jto98-pEbxwPbaMmqB2cQnMw", "created_at": "2025-01-08T01:26:46.431Z", "expires_at": "2025-01-15T01:26:46Z"}}, {"model": "token_blacklist.outstandingtoken", "pk": 8, "fields": {"user": 7, "jti": "3da25174ea394a2db28aa858be05eec6", "token": "eyJhbGciOiJIUzI1NiIsInR5cCI6IkpXVCJ9.eyJ0b2tlbl90eXBlIjoicmVmcmVzaCIsImV4cCI6MTczNjkwNDYzNiwiaWF0IjoxNzM2Mjk5ODM2LCJqdGkiOiIzZGEyNTE3NGVhMzk0YTJkYjI4YWE4NThiZTA1ZWVjNiIsInVzZXJfaWQiOjd9.L9EzQvdWkDF0dk7sXTKkqfclyT6GoXn5-S3fRcEio24", "created_at": "2025-01-08T01:30:36.862Z", "expires_at": "2025-01-15T01:30:36Z"}}, {"model": "token_blacklist.outstandingtoken", "pk": 9, "fields": {"user": 7, "jti": "7b6f808ce9b347aa84fce038979a16e8", "token": "eyJhbGciOiJIUzI1NiIsInR5cCI6IkpXVCJ9.eyJ0b2tlbl90eXBlIjoicmVmcmVzaCIsImV4cCI6MTczNjkwNDgyMSwiaWF0IjoxNzM2MzAwMDIxLCJqdGkiOiI3YjZmODA4Y2U5YjM0N2FhODRmY2UwMzg5NzlhMTZlOCIsInVzZXJfaWQiOjd9.anQwTdpIrR1G2mLAscNL05RPi66NeVrqPMsPZ5ifgr4", "created_at": "2025-01-08T01:33:41.447Z", "expires_at": "2025-01-15T01:33:41Z"}}, {"model": "token_blacklist.outstandingtoken", "pk": 10, "fields": {"user": 8, "jti": "15a47ea88b5942b1b2efb979c11bdb7e", "token": "eyJhbGciOiJIUzI1NiIsInR5cCI6IkpXVCJ9.eyJ0b2tlbl90eXBlIjoicmVmcmVzaCIsImV4cCI6MTczNjkwNDgzOSwiaWF0IjoxNzM2MzAwMDM5LCJqdGkiOiIxNWE0N2VhODhiNTk0MmIxYjJlZmI5NzljMTFiZGI3ZSIsInVzZXJfaWQiOjh9.HVp1PYMGi439dwQO1MiSwmkeDJ5cpqsr-xDxKBAGyto", "created_at": "2025-01-08T01:33:59.035Z", "expires_at": "2025-01-15T01:33:59Z"}}, {"model": "token_blacklist.outstandingtoken", "pk": 11, "fields": {"user": 7, "jti": "0b47bfc70149407aa6f6b949c7fed7d0", "token": "eyJhbGciOiJIUzI1NiIsInR5cCI6IkpXVCJ9.eyJ0b2tlbl90eXBlIjoicmVmcmVzaCIsImV4cCI6MTczNjkwNDkxNSwiaWF0IjoxNzM2MzAwMTE1LCJqdGkiOiIwYjQ3YmZjNzAxNDk0MDdhYTZmNmI5NDljN2ZlZDdkMCIsInVzZXJfaWQiOjd9.agtEsc0KgyAfXrbNtZvh8E_OveHDYHs9LyPfS-8jBEw", "created_at": "2025-01-08T01:35:15.119Z", "expires_at": "2025-01-15T01:35:15Z"}}, {"model": "token_blacklist.outstandingtoken", "pk": 12, "fields": {"user": 3, "jti": "214c7fe3990543569c6968b8149955be", "token": "eyJhbGciOiJIUzI1NiIsInR5cCI6IkpXVCJ9.eyJ0b2tlbl90eXBlIjoicmVmcmVzaCIsImV4cCI6MTczNjkyNTAyMCwiaWF0IjoxNzM2MzIwMjIwLCJqdGkiOiIyMTRjN2ZlMzk5MDU0MzU2OWM2OTY4YjgxNDk5NTViZSIsInVzZXJfaWQiOjN9.HDqJ76Jf-QAvE-h8xlMQf33S2rAkbIy8Z6kqGyswfYc", "created_at": "2025-01-08T07:10:20.911Z", "expires_at": "2025-01-15T07:10:20Z"}}, {"model": "token_blacklist.outstandingtoken", "pk": 13, "fields": {"user": 1, "jti": "a27e156e662545169177f7b27ed7243a", "token": "eyJhbGciOiJIUzI1NiIsInR5cCI6IkpXVCJ9.eyJ0b2tlbl90eXBlIjoicmVmcmVzaCIsImV4cCI6MTczNjkzOTkyNiwiaWF0IjoxNzM2MzM1MTI2LCJqdGkiOiJhMjdlMTU2ZTY2MjU0NTE2OTE3N2Y3YjI3ZWQ3MjQzYSIsInVzZXJfaWQiOjF9.y54hhjwu516fJbH_MUIlE9gwjvdaWe-z1fOGRuQaazI", "created_at": "2025-01-08T11:18:46.436Z", "expires_at": "2025-01-15T11:18:46Z"}}, {"model": "token_blacklist.outstandingtoken", "pk": 14, "fields": {"user": 8, "jti": "f3818269d6d04e0b817c05ada41831e6", "token": "eyJhbGciOiJIUzI1NiIsInR5cCI6IkpXVCJ9.eyJ0b2tlbl90eXBlIjoicmVmcmVzaCIsImV4cCI6MTczNzA3MjMyMywiaWF0IjoxNzM2NDY3NTIzLCJqdGkiOiJmMzgxODI2OWQ2ZDA0ZTBiODE3YzA1YWRhNDE4MzFlNiIsInVzZXJfaWQiOjh9.NZbBXoErj_6s_7unk0op62g_KqGAnccEAgmx9TpYAZk", "created_at": "2025-01-10T00:05:23.027Z", "expires_at": "2025-01-17T00:05:23Z"}}, {"model": "token_blacklist.outstandingtoken", "pk": 15, "fields": {"user": 7, "jti": "8a7674e2c0a94eedbe93ad460612895c", "token": "eyJhbGciOiJIUzI1NiIsInR5cCI6IkpXVCJ9.eyJ0b2tlbl90eXBlIjoicmVmcmVzaCIsImV4cCI6MTczNzA3MjgzMywiaWF0IjoxNzM2NDY4MDMzLCJqdGkiOiI4YTc2NzRlMmMwYTk0ZWVkYmU5M2FkNDYwNjEyODk1YyIsInVzZXJfaWQiOjd9.0APmmiZS5cNjpIsiTKd4XShJgXKUsSiz2SnXBgV1ixs", "created_at": "2025-01-10T00:13:53.841Z", "expires_at": "2025-01-17T00:13:53Z"}}, {"model": "token_blacklist.outstandingtoken", "pk": 16, "fields": {"user": 3, "jti": "87044587652d48fb887142b5403266a6", "token": "eyJhbGciOiJIUzI1NiIsInR5cCI6IkpXVCJ9.eyJ0b2tlbl90eXBlIjoicmVmcmVzaCIsImV4cCI6MTczNzE3MjY0OSwiaWF0IjoxNzM2NTY3ODQ5LCJqdGkiOiI4NzA0NDU4NzY1MmQ0OGZiODg3MTQyYjU0MDMyNjZhNiIsInVzZXJfaWQiOjN9.RnoF07eLFEi-x3fEhs_WGP8-2V5lLc3Qy0NfXl1qKFE", "created_at": "2025-01-11T03:57:29.219Z", "expires_at": "2025-01-18T03:57:29Z"}}, {"model": "token_blacklist.outstandingtoken", "pk": 17, "fields": {"user": 8, "jti": "e6a1510d036e471fb41723ca6fb02fa4", "token": "eyJhbGciOiJIUzI1NiIsInR5cCI6IkpXVCJ9.eyJ0b2tlbl90eXBlIjoicmVmcmVzaCIsImV4cCI6MTczOTIzNjE5NiwiaWF0IjoxNzM2NjQ0MTk2LCJqdGkiOiJlNmExNTEwZDAzNmU0NzFmYjQxNzIzY2E2ZmIwMmZhNCIsInVzZXJfaWQiOjh9.C3SvdNXgv05fI6fsbaBe0vBkcolCclsjlEjY9r30oNg", "created_at": "2025-01-12T01:09:56.272Z", "expires_at": "2025-02-11T01:09:56Z"}}, {"model": "token_blacklist.outstandingtoken", "pk": 18, "fields": {"user": 8, "jti": "ee4b89eb68bf4a72b10363c6986f48e6", "token": "eyJhbGciOiJIUzI1NiIsInR5cCI6IkpXVCJ9.eyJ0b2tlbl90eXBlIjoicmVmcmVzaCIsImV4cCI6MTczOTI1NTUwMiwiaWF0IjoxNzM2NjYzNTAyLCJqdGkiOiJlZTRiODllYjY4YmY0YTcyYjEwMzYzYzY5ODZmNDhlNiIsInVzZXJfaWQiOjh9.8NSFEWRt4UEKO3oCmZ1ZUsF9235GlBVZqCm1YHMxTMI", "created_at": "2025-01-12T06:31:42.867Z", "expires_at": "2025-02-11T06:31:42Z"}}, {"model": "reviews.categories", "pk": 1, "fields": {"name": "Ресторан", "slug": "restoran"}}, {"model": "reviews.categories", "pk": 2, "fields": {"name": "Фастфуд", "slug": "fastfud"}}, {"model": "reviews.categories", "pk": 3, "fields": {"name": "Бар", "slug": "bar"}}, {"model": "reviews.categories", "pk": 4, "fields": {"name": "Кафе", "slug": "kafe"}}, {"model": "reviews.categories", "pk": 5, "fields": {"name": "Кофейня", "slug": "kofeinia"}}, {"model": "reviews.categories", "pk": 6, "fields": {"name": "Кондитерская", "slug": "konditerskaia"}}, {"model": "reviews.categories", "pk": 7, "fields": {"name": "Суши-бар", "slug": "sushi-bar"}}, {"model": "reviews.categories", "pk": 8, "fields": {"name": "Чайная", "slug": "chainaia"}}, {"model": "reviews.categories", "pk": 9, "fields": {"name": "Пиццерия", "slug": "pitstseriia"}}, {"model": "reviews.categories", "pk": 10, "fields": {"name": "Столовая", "slug": "stolovaia"}}, {"model": "reviews.places", "pk": 1, "fields": {"name": "Зеленый угол", "address": "ул. Ленина, 25", "category_id": 4, "about": "Кафе с уютной атмосферой и вкусным кофе, идеально подходящее для встреч с друзьями и деловых обедов.", "slug": "zelenyi-ugol", "rating": 4.222222222222222}}, {"model": "reviews.places", "pk": 2, "fields": {"name": "Гриль и Вино", "address": "пр. Мира, 38", "category_id": 1, "about": "Ресторан с авторской кухней, где каждый вечер живое исполнение музыки и лучшие вина из разных уголков мира.", "slug": "gril-i-vino", "rating": 3.5833333333333335}}, {"model": "reviews.places", "pk": 3, "fields": {"name": "Мама Мия", "address": "ул. Пушкина, 12", "category_id": 9, "about": "Пиццерия с широким выбором пицц и паст, итальянские традиции и настоящие итальянские продукты.", "slug": "mama-miia", "rating": 4.333333333333333}}, {"model": "reviews.places", "pk": 4, "fields": {"name": "Черная кошка", "address": "ул. Победы, 15", "category_id": 5, "about": "Маленькая кофейня, известная своими десертами и угощениями, уютная обстановка для работы и отдыха.", "slug": "chernaia-koshka", "rating": 3.0}}, {"model": "reviews.places", "pk": 5, "fields": {"name": "Восточные традиции", "address": "пер. Пионерский, 4", "category_id": 8, "about": "Чайная, где подаются лучшие сорта чая, а также десерты и печенье, приготовленные по старинным рецептам.", "slug": "vostochnye-traditsii", "rating": null}}, {"model": "reviews.places", "pk": 6, "fields": {"name": "Дружба", "address": "ул. Садовая, 10", "category_id": 10, "about": "Столовая, предлагающая недорогие и вкусные обеды для работников и студентов в центре города.", "slug": "druzhba", "rating": 4.222222222222222}}, {"model": "reviews.places", "pk": 7, "fields": {"name": "Горячий камень", "address": "пр. Ленина, 5", "category_id": 3, "about": "Бар с уникальными коктейлями и винной картой, где каждый вечер проходят тематические вечеринки.", "slug": "goriachii-kamen", "rating": null}}, {"model": "reviews.places", "pk": 8, "fields": {"name": "Суши-ка", "address": "пр. Кутузова, 3", "category_id": 7, "about": "Суши-бар, предлагающий свежие суши и сашими, а также японские десерты и напитки.", "slug": "sushi-ka", "rating": null}}, {"model": "reviews.placephotos", "pk": 1, "fields": {"place_id": 8, "image": "images/sushi_bar_1.jpg"}}, {"model": "reviews.placephotos", "pk": 2, "fields": {"place_id": 7, "image": "images/hot_stone_1.jpg"}}, {"model": "reviews.placephotos", "pk": 3, "fields": {"place_id": 6, "image": "images/stolovka_1.jpg"}}, {"model": "reviews.placephotos", "pk": 4, "fields": {"place_id": 5, "image": "images/east_tradition_1.jpg"}}, {"model": "reviews.placephotos", "pk": 5, "fields": {"place_id": 4, "image": "images/black_cat_1.jpg"}}, {"model": "reviews.placephotos", "pk": 6, "fields": {"place_id": 3, "image": "images/mama_mia_1.jpg"}}, {"model": "reviews.placephotos", "pk": 7, "fields": {"place_id": 3, "image": "images/mama_mia_2.jpg"}}, {"model": "reviews.placephotos", "pk": 8, "fields": {"place_id": 2, "image": "images/grill_and_vine_1.jpg"}}, {"model": "reviews.placephotos", "pk": 9, "fields": {"place_id": 2, "image": "images/grill_and_vine_2.jpg"}}, {"model": "reviews.placephotos", "pk": 10, "fields": {"place_id": 2, "image": "images/grill_and_vine_3.jpg"}}, {"model": "reviews.placephotos", "pk": 11, "fields": {"place_id": 1, "image": "images/Green_corner_1.jpg"}}, {"model": "reviews.placephotos", "pk": 12, "fields": {"place_id": 1, "image": "images/Green_corner_2.jpg"}}, {"model": "reviews.placephotos", "pk": 13, "fields": {"place_id": 1, "image": "images/Green_corner_3.jpg"}}, {"model": "reviews.reviews", "pk": 1, "fields": {"created_at": "2025-01-06T01:34:02.104Z", "updated_at": "2025-01-06T01:34:02.104Z", "place_id": 1, "user_id": 1, "text": "Понравилось, хорошее заведение", "price": 5, "service": 5, "interior": 5}}, {"model": "reviews.reviews", "pk": 2, "fields": {"created_at": "2025-01-06T01:34:34.109Z", "updated_at": "2025-01-06T01:34:34.109Z", "place_id": 1, "user_id": 2, "text": "Заведение топ! Есть даже пицца, а я её очень сильно люблю", "price": 5, "service": 5, "interior": 5}}, {"model": "reviews.reviews", "pk": 3, "fields": {"created_at": "2025-01-06T01:35:37.464Z", "updated_at": "2025-01-06T01:35:37.465Z", "place_id": 1, "user_id": 7, "text": "Мда, разочарован. Из чая только подобие из бутылки в холодном виде! Не рекомендую", "price": 2, "service": 3, "interior": 3}}, {"model": "reviews.reviews", "pk": 4, "fields": {"created_at": "2025-01-06T01:36:10.447Z", "updated_at": "2025-01-06T01:36:10.447Z", "place_id": 2, "user_id": 5, "text": "Прекрасное заведение! Вина восхитительны, вернусь сюда еще не раз", "price": 5, "service": 5, "interior": 5}}, {"model": "reviews.reviews", "pk": 5, "fields": {"created_at": "2025-01-06T01:36:41.492Z", "updated_at": "2025-01-06T01:36:41.492Z", "place_id": 2, "user_id": 3, "text": "Я не понял, что это за ресторан и без суши!!! Ужасно", "price": 1, "service": 1, "interior": 1}}, {"model": "reviews.reviews", "pk": 6, "fields": {"created_at": "2025-01-06T01:37:19.304Z", "updated_at": "2025-01-06T01:37:19.305Z", "place_id": 2, "user_id": 7, "text": "Есть вкусные чаи, травяные и вообще всякие! Понравилось", "price": 4, "service": 4, "interior": 5}}, {"model": "reviews.reviews", "pk": 7, "fields": {"created_at": "2025-01-06T01:37:46.729Z", "updated_at": "2025-01-06T01:37:46.729Z", "place_id": 2, "user_id": 4, "text": "Есть алкоголь, был рад вечером, но грустен утром...", "price": 4, "service": 4, "interior": 4}}, {"model": "reviews.reviews", "pk": 8, "fields": {"created_at": "2025-01-06T01:38:12.526Z", "updated_at": "2025-01-06T01:38:12.526Z", "place_id": 3, "user_id": 2, "text": "Супер! Множество пицц, это круто", "price": 5, "service": 5, "interior": 5}}, {"model": "reviews.reviews", "pk": 9, "fields": {"created_at": "2025-01-06T01:38:46.351Z", "updated_at": "2025-01-06T01:38:46.351Z", "place_id": 3, "user_id": 6, "text": "Нормально, можно зайти похавать, но дороговато", "price": 3, "service": 4, "interior": 4}}, {"model": "reviews.reviews", "pk": 10, "fields": {"created_at": "2025-01-06T01:39:11.376Z", "updated_at": "2025-01-06T01:39:11.376Z", "place_id": 4, "user_id": 8, "text": "Прекрасно! Огромный выбор кофе!", "price": 5, "service": 5, "interior": 5}}, {"model": "reviews.reviews", "pk": 11, "fields": {"created_at": "2025-01-06T01:39:52.689Z", "updated_at": "2025-01-06T01:39:52.689Z", "place_id": 4, "user_id": 7, "text": "А ГДЕ ЧАЙ?!", "price": 1, "service": 1, "interior": 1}}, {"model": "reviews.reviews", "pk": 12, "fields": {"created_at": "2025-01-06T01:40:13.186Z", "updated_at": "2025-01-06T01:40:13.186Z", "place_id": 6, "user_id": 6, "text": "Супер! И дешево и вкусно!", "price": 5, "service": 5, "interior": 5}}, {"model": "reviews.reviews", "pk": 13, "fields": {"created_at": "2025-01-06T01:40:39.273Z", "updated_at": "2025-01-06T06:22:24.568Z", "place_id": 6, "user_id": 5, "text": "Мда, это конечно не понятно что... Но дешево", "price": 5, "service": 1, "interior": 2}}, {"model": "reviews.reviews", "pk": 15, "fields": {"created_at": "2025-01-08T01:36:25.296Z", "updated_at": "2025-01-08T01:36:25.296Z", "place_id": 3, "user_id": 7, "text": "Всё вкусно и есть чай. Я люблю чай", "price": 5, "service": 4, "interior": 4}}, {"model": "reviews.reviews", "pk": 16, "fields": {"created_at": "2025-01-08T01:54:31.108Z", "updated_at": "2025-01-08T01:54:31.108Z", "place_id": 6, "user_id": 7, "text": "Чай тут конечно особенный, ни с чем не спутаешь... Удивительное место", "price": 5, "service": 5, "interior": 5}}, {"model": "reviews.questions", "pk": 1, "fields": {"created_at": "2025-01-06T01:41:27.308Z", "updated_at": "2025-01-06T01:41:27.308Z", "place_id": 2, "user_id": 7, "text": "Добавите нормальный чай или нет?"}}, {"model": "reviews.questions", "pk": 2, "fields": {"created_at": "2025-01-06T01:41:46.493Z", "updated_at": "2025-01-06T01:41:46.493Z", "place_id": 1, "user_id": 3, "text": "Будут ли суши?"}}, {"model": "reviews.questions", "pk": 3, "fields": {"created_at": "2025-01-06T01:42:14.445Z", "updated_at": "2025-01-06T01:42:14.445Z", "place_id": 6, "user_id": 5, "text": "Будете ли изменять интерьер в вашем заведении?"}}, {"model": "reviews.questions", "pk": 4, "fields": {"created_at": "2025-01-08T06:39:29.479Z", "updated_at": "2025-01-08T06:39:29.479Z", "place_id": 4, "user_id": 7, "text": "Будет ли чай?!"}}, {"model": "reviews.questions", "pk": 5, "fields": {"created_at": "2025-01-08T06:42:15.015Z", "updated_at": "2025-01-08T06:42:15.015Z", "place_id": 4, "user_id": 7, "text": "Проверка"}}, {"model": "reviews.questions", "pk": 6, "fields": {"created_at": "2025-01-13T07:59:11.733Z", "updated_at": "2025-01-13T07:59:11.733Z", "place_id": 6, "user_id": 8, "text": "Вопрос проверочный"}}, {"model": "reviews.comments", "pk": 1, "fields": {"created_at": "2025-01-06T01:45:10.266Z", "updated_at": "2025-01-06T01:45:10.266Z", "user_id": 1, "content_type": 13, "object_id": 2, "text": "Да разве это пицца?!"}}, {"model": "reviews.comments", "pk": 2, "fields": {"created_at": "2025-01-06T01:45:33.135Z", "updated_at": "2025-01-06T01:45:33.135Z", "user_id": 2, "content_type": 11, "object_id": 1, "text": "Я в пиццах точно больше твоего понимаю!"}}, {"model": "reviews.comments", "pk": 3, "fields": {"created_at": "2025-01-10T00:15:39.822Z", "updated_at": "2025-01-10T00:22:47.557Z", "user_id": 8, "content_type": 13, "object_id": 2, "text": "И есть коффе!"}}, {"model": "reviews.comments", "pk": 4, "fields": {"created_at": "2025-01-10T00:33:43.579Z", "updated_at": "2025-01-10T00:33:43.579Z", "user_id": 7, "content_type": 13, "object_id": 2, "text": "И есть чай!"}}, {"model": "reviews.comments", "pk": 5, "fields": {"created_at": "2025-01-10T05:38:44.400Z", "updated_at": "2025-01-10T05:38:44.400Z", "user_id": 7, "content_type": 13, "object_id": 8, "text": "Да и есть чай!"}}, {"model": "reviews.comments", "pk": 6, "fields": {"created_at": "2025-01-10T05:39:40.106Z", "updated_at": "2025-01-10T05:39:40.106Z", "user_id": 7, "content_type": 13, "object_id": 8, "text": "И есть чай!"}}, {"model": "reviews.comments", "pk": 7, "fields": {"created_at": "2025-01-10T13:36:36.387Z", "updated_at": "2025-01-10T13:36:36.387Z", "user_id": 7, "content_type": 13, "object_id": 1, "text": "Точно! Чай вкусный и его много"}}, {"model": "reviews.comments", "pk": 8, "fields": {"created_at": "2025-01-10T13:45:05.048Z", "updated_at": "2025-01-10T13:45:05.048Z", "user_id": 7, "content_type": 11, "object_id": 7, "text": "Ответ на комментарий"}}, {"model": "reviews.comments", "pk": 9, "fields": {"created_at": "2025-01-10T13:45:52.375Z", "updated_at": "2025-01-10T13:45:52.375Z", "user_id": 7, "content_type": 11, "object_id": 3, "text": "Ответ на комментарий"}}, {"model": "reviews.comments", "pk": 10, "fields": {"created_at": "2025-01-11T04:19:42.101Z", "updated_at": "2025-01-11T04:19:42.101Z", "user_id": 3, "content_type": 13, "object_id": 2, "text": "текст"}}, {"model": "reviews.comments", "pk": 11, "fields": {"created_at": "2025-01-11T04:32:03.512Z", "updated_at": "2025-01-11T04:32:03.512Z", "user_id": 3, "content_type": 13, "object_id": 1, "text": "тест"}}, {"model": "reviews.comments", "pk": 12, "fields": {"created_at": "2025-01-11T04:34:32.400Z", "updated_at": "2025-01-11T04:34:32.400Z", "user_id": 3, "content_type": 13, "object_id": 1, "text": "тест2"}}, {"model": "reviews.comments", "pk": 13, "fields": {"created_at": "2025-01-11T04:37:01.232Z", "updated_at": "2025-01-11T04:37:01.232Z", "user_id": 3, "content_type": 13, "object_id": 1, "text": "тест 3"}}, {"model": "reviews.comments", "pk": 14, "fields": {"created_at": "2025-01-11T04:37:12.528Z", "updated_at": "2025-01-11T04:37:12.528Z", "user_id": 3, "content_type": 11, "object_id": 8, "text": "Тест 4"}}, {"model": "reviews.comments", "pk": 15, "fields": {"created_at": "2025-01-11T09:15:07.230Z", "updated_at": "2025-01-11T09:15:07.230Z", "user_id": 3, "content_type": 11, "object_id": 14, "text": "тест 5"}}, {"model": "reviews.comments", "pk": 16, "fields": {"created_at": "2025-01-11T09:17:23.395Z", "updated_at": "2025-01-11T09:17:23.395Z", "user_id": 3, "content_type": 13, "object_id": 1, "text": "тестовый комментарий"}}, {"model": "reviews.comments", "pk": 17, "fields": {"created_at": "2025-01-11T09:21:57.511Z", "updated_at": "2025-01-11T09:21:57.511Z", "user_id": 3, "content_type": 11, "object_id": 14, "text": "Еще одна проверка"}}, {"model": "reviews.comments", "pk": 18, "fields": {"created_at": "2025-01-11T09:25:45.307Z", "updated_at": "2025-01-11T09:25:45.307Z", "user_id": 3, "content_type": 11, "object_id": 15, "text": "Летсгоу"}}, {"model": "reviews.comments", "pk": 19, "fields": {"created_at": "2025-01-11T09:28:24.549Z", "updated_at": "2025-01-11T09:28:24.549Z", "user_id": 3, "content_type": 11, "object_id": 7, "text": "тест"}}, {"model": "reviews.comments", "pk": 20, "fields": {"created_at": "2025-01-11T09:28:36.560Z", "updated_at": "2025-01-11T09:28:36.560Z", "user_id": 3, "content_type": 11, "object_id": 11, "text": "тест агаин"}}, {"model": "reviews.comments", "pk": 21, "fields": {"created_at": "2025-01-11T09:28:58.345Z", "updated_at": "2025-01-11T09:28:58.345Z", "user_id": 3, "content_type": 11, "object_id": 7, "text": "тестовый тест"}}, {"model": "reviews.comments", "pk": 22, "fields": {"created_at": "2025-01-11T09:30:34.788Z", "updated_at": "2025-01-11T09:30:34.788Z", "user_id": 3, "content_type": 11, "object_id": 1, "text": "Главное чтобы были суши"}}, {"model": "reviews.comments", "pk": 23, "fields": {"created_at": "2025-01-11T11:06:33.001Z", "updated_at": "2025-01-11T11:06:33.001Z", "user_id": 3, "content_type": 13, "object_id": 1, "text": "Тест коммент 2"}}, {"model": "reviews.comments", "pk": 24, "fields": {"created_at": "2025-01-11T11:06:43.894Z", "updated_at": "2025-01-11T11:06:43.894Z", "user_id": 3, "content_type": 11, "object_id": 23, "text": "тестирую"}}, {"model": "reviews.comments", "pk": 25, "fields": {"created_at": "2025-01-11T12:34:42.536Z", "updated_at": "2025-01-11T12:34:42.536Z", "user_id": 3, "content_type": 11, "object_id": 23, "text": "проверяю"}}, {"model": "reviews.comments", "pk": 26, "fields": {"created_at": "2025-01-12T00:59:09.552Z", "updated_at": "2025-01-12T00:59:09.552Z", "user_id": 3, "content_type": 12, "object_id": 2, "text": "тетс"}}, {"model": "reviews.comments", "pk": 27, "fields": {"created_at": "2025-01-13T07:44:54.560Z", "updated_at": "2025-01-13T07:44:54.560Z", "user_id": 8, "content_type": 13, "object_id": 12, "text": "Но нет суши..."}}, {"model": "reviews.comments", "pk": 28, "fields": {"created_at": "2025-01-13T07:46:12.652Z", "updated_at": "2025-01-13T07:46:12.652Z", "user_id": 8, "content_type": 11, "object_id": 27, "text": "Тест"}}, {"model": "reviews.comments", "pk": 29, "fields": {"created_at": "2025-01-13T07:57:22.356Z", "updated_at": "2025-01-13T07:57:22.356Z", "user_id": 8, "content_type": 11, "object_id": 27, "text": "Тест функциональности"}}, {"model": "reviews.comments", "pk": 30, "fields": {"created_at": "2025-01-13T07:58:26.835Z", "updated_at": "2025-01-13T07:58:26.835Z", "user_id": 8, "content_type": 13, "object_id": 13, "text": "Тестирую функциональность"}}, {"model": "reviews.comments", "pk": 31, "fields": {"created_at": "2025-01-13T07:59:24.139Z", "updated_at": "2025-01-13T07:59:24.139Z", "user_id": 8, "content_type": 12, "object_id": 6, "text": "Тест"}}, {"model": "reviews.comments", "pk": 32, "fields": {"created_at": "2025-01-13T08:05:25.224Z", "updated_at": "2025-01-13T08:05:25.224Z", "user_id": 8, "content_type": 11, "object_id": 28, "text": "Проверка"}}, {"model": "reviews.comments", "pk": 33, "fields": {"created_at": "2025-01-13T08:06:48.372Z", "updated_at": "2025-01-13T08:06:48.372Z", "user_id": 8, "content_type": 11, "object_id": 28, "text": "очередная проверка"}}, {"model": "reviews.comments", "pk": 34, "fields": {"created_at": "2025-01-13T08:08:51.534Z", "updated_at": "2025-01-13T08:08:51.534Z", "user_id": 8, "content_type": 11, "object_id": 32, "text": "Тест Again"}}, {"model": "reviews.comments", "pk": 35, "fields": {"created_at": "2025-01-13T08:09:16.576Z", "updated_at": "2025-01-13T08:09:16.576Z", "user_id": 8, "content_type": 13, "object_id": 12, "text": "Проверка"}}, {"model": "reviews.comments", "pk": 36, "fields": {"created_at": "2025-01-13T14:24:41.612Z", "updated_at": "2025-01-13T14:24:41.612Z", "user_id": 8, "content_type": 13, "object_id": 12, "text": "Тестирование"}}, {"model": "reviews.comments", "pk": 37, "fields": {"created_at": "2025-01-13T14:36:34.107Z", "updated_at": "2025-01-13T14:36:34.107Z", "user_id": 8, "content_type": 11, "object_id": 22, "text": "Проверка"}}, {"model": "reviews.votes", "pk": 1, "fields": {"created_at": "2025-01-06T01:43:27.286Z", "updated_at": "2025-01-06T01:43:27.286Z", "user_id": 1, "content_type": 13, "object_id": 1, "vote_type": 1}}, {"model": "reviews.votes", "pk": 2, "fields": {"created_at": "2025-01-06T01:43:39.753Z", "updated_at": "2025-01-06T01:43:39.753Z", "user_id": 1, "content_type": 13, "object_id": 2, "vote_type": -1}}, {"model": "reviews.votes", "pk": 3, "fields": {"created_at": "2025-01-06T01:44:09.944Z", "updated_at": "2025-01-06T01:44:09.944Z", "user_id": 3, "content_type": 13, "object_id": 2, "vote_type": 1}}, {"model": "reviews.votes", "pk": 4, "fields": {"created_at": "2025-01-06T01:44:22.706Z", "updated_at": "2025-01-06T01:44:22.706Z", "user_id": 4, "content_type": 13, "object_id": 2, "vote_type": 1}}, {"model": "reviews.votes", "pk": 5, "fields": {"created_at": "2025-01-06T01:44:34.429Z", "updated_at": "2025-01-06T01:44:34.429Z", "user_id": 6, "content_type": 13, "object_id": 2, "vote_type": 1}}, {"model": "reviews.votes", "pk": 6, "fields": {"created_at": "2025-01-12T06:31:49.469Z", "updated_at": "2025-01-12T13:05:47.943Z", "user_id": 8, "content_type": 13, "object_id": 3, "vote_type": 1}}, {"model": "reviews.votes", "pk": 7, "fields": {"created_at": "2025-01-12T06:38:55.980Z", "updated_at": "2025-01-12T06:50:16.483Z", "user_id": 8, "content_type": 13, "object_id": 2, "vote_type": -1}}, {"model": "reviews.votes", "pk": 8, "fields": {"created_at": "2025-01-12T06:38:57.196Z", "updated_at": "2025-01-12T13:37:41.812Z", "user_id": 8, "content_type": 13, "object_id": 1, "vote_type": 1}}, {"model": "reviews.votes", "pk": 9, "fields": {"created_at": "2025-01-12T13:34:37.486Z", "updated_at": "2025-01-12T13:34:37.486Z", "user_id": 8, "content_type": 12, "object_id": 2, "vote_type": 1}}, {"model": "reviews.votes", "pk": 10, "fields": {"created_at": "2025-01-12T13:37:38.515Z", "updated_at": "2025-01-12T13:37:38.515Z", "user_id": 8, "content_type": 11, "object_id": 7, "vote_type": 1}}, {"model": "reviews.votes", "pk": 11, "fields": {"created_at": "2025-01-12T13:37:44.897Z", "updated_at": "2025-01-12T13:37:44.897Z", "user_id": 8, "content_type": 11, "object_id": 8, "vote_type": -1}}, {"model": "reviews.votes", "pk": 12, "fields": {"created_at": "2025-01-12T13:37:45.949Z", "updated_at": "2025-01-12T13:37:45.949Z", "user_id": 8, "content_type": 11, "object_id": 14, "vote_type": -1}}, {"model": "reviews.votes", "pk": 13, "fields": {"created_at": "2025-01-13T01:58:57.662Z", "updated_at": "2025-01-13T01:58:57.662Z", "user_id": 8, "content_type": 13, "object_id": 4, "vote_type": 1}}, {"model": "reviews.votes", "pk": 14, "fields": {"created_at": "2025-01-13T07:44:33.049Z", "updated_at": "2025-01-13T07:44:33.049Z", "user_id": 8, "content_type": 12, "object_id": 3, "vote_type": 1}}, {"model": "reviews.votes", "pk": 15, "fields": {"created_at": "2025-01-13T07:57:37.694Z", "updated_at": "2025-01-13T07:57:38.432Z", "user_id": 8, "content_type": 11, "object_id": 27, "vote_type": -1}}, {"model": "reviews.votes", "pk": 16, "fields": {"created_at": "2025-01-13T14:36:24.514Z", "updated_at": "2025-01-13T14:36:24.514Z", "user_id": 8, "content_type": 11, "object_id": 1, "vote_type": 1}}, {"model": "reviews.votes", "pk": 17, "fields": {"created_at": "2025-01-13T14:36:25.495Z", "updated_at": "2025-01-13T14:36:25.495Z", "user_id": 8, "content_type": 11, "object_id": 2, "vote_type": -1}}, {"model": "reviews.votes", "pk": 18, "fields": {"created_at": "2025-01-13T14:36:27.651Z", "updated_at": "2025-01-13T14:36:28.226Z", "user_id": 8, "content_type": 11, "object_id": 22, "vote_type": -1}}, {"model": "reviews.votes", "pk": 19, "fields": {"created_at": "2025-01-15T10:03:05.683Z", "updated_at": "2025-01-15T10:03:05.684Z", "user_id": 8, "content_type": 13, "object_id": 12, "vote_type": 1}}, {"model": "users.user", "pk": 1, "fields": {"password": "pbkdf2_sha256$870000$78vmIxhssPpf1P62OhKu3v$8iEQySaBH+mvrfplJODGRArD9T/RS4mLsd6rNTS1sZE=", "last_login": "2025-01-06T01:18:25.729Z", "FIO": "admin", "email": "admin@mail.ru", "image": "user/default_user.png", "is_staff": true, "is_superuser": true, "is_active": true, "date_joined": "2025-01-06T01:16:55.125Z", "groups": [], "user_permissions": []}}, {"model": "users.user", "pk": 2, "fields": {"password": "pbkdf2_sha256$870000$skk0PN06hQp1nb698wwpDl$R6botllmLhCM1bzycC8nnO7lSJT1n5ThDv/lDses6io=", "last_login": null, "FIO": "Fan Pizza Man", "email": "fan@pizza.man", "image": "user/default_user.png", "is_staff": false, "is_superuser": false, "is_active": true, "date_joined": "2025-01-06T01:31:21.606Z", "groups": [], "user_permissions": []}}, {"model": "users.user", "pk": 3, "fields": {"password": "pbkdf2_sha256$870000$2byflk8y6FdX9cYMAvsYxM$88h0rqLfF58k2VANBXVfciKLXARAR5paWHTOmjEL5iM=", "last_login": null, "FIO": "Fan Sushi Man", "email": "fan@sushi.man", "image": "user/default_user.png", "is_staff": false, "is_superuser": false, "is_active": true, "date_joined": "2025-01-06T01:31:38.614Z", "groups": [], "user_permissions": []}}, {"model": "users.user", "pk": 4, "fields": {"password": "pbkdf2_sha256$870000$wie0YnDNRPpCvcgVVLCdeF$mDla1+KIKiu95HvfYA/89WtFiZaGh87z5MCHpT05/NI=", "last_login": null, "FIO": "Fan Bar Man", "email": "fan@bar.man", "image": "user/default_user.png", "is_staff": false, "is_superuser": false, "is_active": true, "date_joined": "2025-01-06T01:31:49.394Z", "groups": [], "user_permissions": []}}, {"model": "users.user", "pk": 5, "fields": {"password": "pbkdf2_sha256$870000$L9vBukrVJOu2siQMchyBAk$21mzmKlf1OesME78YTso9K+AWBmGFTYFiTZqip5f37E=", "last_login": null, "FIO": "Fan Restouran Man", "email": "fan@restouran.man", "image": "user/default_user.png", "is_staff": false, "is_superuser": false, "is_active": true, "date_joined": "2025-01-06T01:32:05.410Z", "groups": [], "user_permissions": []}}, {"model": "users.user", "pk": 6, "fields": {"password": "pbkdf2_sha256$870000$RLm3n5HJsCsFdTgYrgbxXZ$aiNueDq5zeN4MkmpqYY4gqL5j3DQqJZ36K4LZgc25aA=", "last_login": null, "FIO": "Fan Stolovka Man", "email": "fan@stolovka.man", "image": "user/default_user.png", "is_staff": false, "is_superuser": false, "is_active": true, "date_joined": "2025-01-06T01:32:18.777Z", "groups": [], "user_permissions": []}}, {"model": "users.user", "pk": 7, "fields": {"password": "pbkdf2_sha256$870000$FB2apxhF7G1lN5jLxsfIfs$tB0coLc7CPUDk5VR2CZw8kKNQf5heVBluktlr367oP0=", "last_login": null, "FIO": "Fan tea Man", "email": "fan@tea.man", "image": "user/default_user.png", "is_staff": false, "is_superuser": false, "is_active": true, "date_joined": "2025-01-06T01:32:33.159Z", "groups": [], "user_permissions": []}}, {"model": "users.user", "pk": 8, "fields": {"password": "pbkdf2_sha256$870000$LdyCJYeXf0dJm5HOOTLJ1d$gshksQiQDxuEMhWTB7kTVo7kFFN3kZuFKWG+1hW7Q04=", "last_login": null, "FIO": "Кофейник мэн тестировщик", "email": "fan@coffee.man", "image": "images/user/screenshot.jpg", "is_staff": false, "is_superuser": false, "is_active": true, "date_joined": "2025-01-06T01:32:47.219Z", "groups": [], "user_permissions": []}}]