[
{
    "model": "admin.logentry",
    "pk": 1,
    "fields": {
        "action_time": "2025-01-06T01:19:59.760Z",
        "user": 1,
        "content_type": 8,
        "object_id": "1",
        "object_repr": "Ресторан",
        "action_flag": 1,
        "change_message": "[{\"added\": {}}]"
    }
},
{
    "model": "admin.logentry",
    "pk": 2,
    "fields": {
        "action_time": "2025-01-06T01:20:09.638Z",
        "user": 1,
        "content_type": 8,
        "object_id": "2",
        "object_repr": "Фастфуд",
        "action_flag": 1,
        "change_message": "[{\"added\": {}}]"
    }
},
{
    "model": "admin.logentry",
    "pk": 3,
    "fields": {
        "action_time": "2025-01-06T01:20:13.975Z",
        "user": 1,
        "content_type": 8,
        "object_id": "3",
        "object_repr": "Бар",
        "action_flag": 1,
        "change_message": "[{\"added\": {}}]"
    }
},
{
    "model": "admin.logentry",
    "pk": 4,
    "fields": {
        "action_time": "2025-01-06T01:22:23.590Z",
        "user": 1,
        "content_type": 8,
        "object_id": "4",
        "object_repr": "Кафе",
        "action_flag": 1,
        "change_message": "[{\"added\": {}}]"
    }
},
{
    "model": "admin.logentry",
    "pk": 5,
    "fields": {
        "action_time": "2025-01-06T01:22:27.894Z",
        "user": 1,
        "content_type": 8,
        "object_id": "5",
        "object_repr": "Кофейня",
        "action_flag": 1,
        "change_message": "[{\"added\": {}}]"
    }
},
{
    "model": "admin.logentry",
    "pk": 6,
    "fields": {
        "action_time": "2025-01-06T01:22:35.788Z",
        "user": 1,
        "content_type": 8,
        "object_id": "6",
        "object_repr": "Кондитерская",
        "action_flag": 1,
        "change_message": "[{\"added\": {}}]"
    }
},
{
    "model": "admin.logentry",
    "pk": 7,
    "fields": {
        "action_time": "2025-01-06T01:22:40.222Z",
        "user": 1,
        "content_type": 8,
        "object_id": "7",
        "object_repr": "Суши-бар",
        "action_flag": 1,
        "change_message": "[{\"added\": {}}]"
    }
},
{
    "model": "admin.logentry",
    "pk": 8,
    "fields": {
        "action_time": "2025-01-06T01:22:45.275Z",
        "user": 1,
        "content_type": 8,
        "object_id": "8",
        "object_repr": "Чайная",
        "action_flag": 1,
        "change_message": "[{\"added\": {}}]"
    }
},
{
    "model": "admin.logentry",
    "pk": 9,
    "fields": {
        "action_time": "2025-01-06T01:22:52.550Z",
        "user": 1,
        "content_type": 8,
        "object_id": "9",
        "object_repr": "Пиццерия",
        "action_flag": 1,
        "change_message": "[{\"added\": {}}]"
    }
},
{
    "model": "admin.logentry",
    "pk": 10,
    "fields": {
        "action_time": "2025-01-06T01:23:03.484Z",
        "user": 1,
        "content_type": 8,
        "object_id": "10",
        "object_repr": "Столовая",
        "action_flag": 1,
        "change_message": "[{\"added\": {}}]"
    }
},
{
    "model": "admin.logentry",
    "pk": 11,
    "fields": {
        "action_time": "2025-01-06T01:26:26.897Z",
        "user": 1,
        "content_type": 9,
        "object_id": "1",
        "object_repr": "Зеленый угол",
        "action_flag": 1,
        "change_message": "[{\"added\": {}}]"
    }
},
{
    "model": "admin.logentry",
    "pk": 12,
    "fields": {
        "action_time": "2025-01-06T01:26:53.748Z",
        "user": 1,
        "content_type": 9,
        "object_id": "2",
        "object_repr": "Гриль и Вино",
        "action_flag": 1,
        "change_message": "[{\"added\": {}}]"
    }
},
{
    "model": "admin.logentry",
    "pk": 13,
    "fields": {
        "action_time": "2025-01-06T01:27:17.168Z",
        "user": 1,
        "content_type": 9,
        "object_id": "3",
        "object_repr": "Мама Мия",
        "action_flag": 1,
        "change_message": "[{\"added\": {}}]"
    }
},
{
    "model": "admin.logentry",
    "pk": 14,
    "fields": {
        "action_time": "2025-01-06T01:27:38.530Z",
        "user": 1,
        "content_type": 9,
        "object_id": "4",
        "object_repr": "Черная кошка",
        "action_flag": 1,
        "change_message": "[{\"added\": {}}]"
    }
},
{
    "model": "admin.logentry",
    "pk": 15,
    "fields": {
        "action_time": "2025-01-06T01:28:14.477Z",
        "user": 1,
        "content_type": 9,
        "object_id": "5",
        "object_repr": "Восточные традиции",
        "action_flag": 1,
        "change_message": "[{\"added\": {}}]"
    }
},
{
    "model": "admin.logentry",
    "pk": 16,
    "fields": {
        "action_time": "2025-01-06T01:28:35.084Z",
        "user": 1,
        "content_type": 9,
        "object_id": "6",
        "object_repr": "Дружба",
        "action_flag": 1,
        "change_message": "[{\"added\": {}}]"
    }
},
{
    "model": "admin.logentry",
    "pk": 17,
    "fields": {
        "action_time": "2025-01-06T01:29:02.620Z",
        "user": 1,
        "content_type": 9,
        "object_id": "7",
        "object_repr": "Горячий камень",
        "action_flag": 1,
        "change_message": "[{\"added\": {}}]"
    }
},
{
    "model": "admin.logentry",
    "pk": 18,
    "fields": {
        "action_time": "2025-01-06T01:29:32.495Z",
        "user": 1,
        "content_type": 9,
        "object_id": "8",
        "object_repr": "Суши-ка",
        "action_flag": 1,
        "change_message": "[{\"added\": {}}]"
    }
},
{
    "model": "admin.logentry",
    "pk": 19,
    "fields": {
        "action_time": "2025-01-06T01:29:39.033Z",
        "user": 1,
        "content_type": 9,
        "object_id": "1",
        "object_repr": "Зеленый угол",
        "action_flag": 2,
        "change_message": "[{\"changed\": {\"fields\": [\"\\u0410\\u0434\\u0440\\u0435\\u0441 \\u0437\\u0430\\u0432\\u0435\\u0434\\u0435\\u043d\\u0438\\u044f\"]}}]"
    }
},
{
    "model": "admin.logentry",
    "pk": 20,
    "fields": {
        "action_time": "2025-01-06T01:29:51.073Z",
        "user": 1,
        "content_type": 9,
        "object_id": "3",
        "object_repr": "Мама Мия",
        "action_flag": 2,
        "change_message": "[{\"changed\": {\"fields\": [\"\\u041f\\u043e\\u043b\\u0435 \\u0434\\u043b\\u044f \\u0441\\u0432\\u044f\\u0437\\u0438 \\u0441 \\u043a\\u0430\\u0442\\u0435\\u0433\\u043e\\u0440\\u0438\\u0435\\u0439 \\u0437\\u0430\\u0432\\u0435\\u0434\\u0435\\u043d\\u0438\\u044f\"]}}]"
    }
},
{
    "model": "admin.logentry",
    "pk": 21,
    "fields": {
        "action_time": "2025-01-06T01:34:02.105Z",
        "user": 1,
        "content_type": 13,
        "object_id": "1",
        "object_repr": "admin@mail.ru Зеленый угол Понравилось, хорошее заведение",
        "action_flag": 1,
        "change_message": "[{\"added\": {}}]"
    }
},
{
    "model": "admin.logentry",
    "pk": 22,
    "fields": {
        "action_time": "2025-01-06T01:34:34.110Z",
        "user": 1,
        "content_type": 13,
        "object_id": "2",
        "object_repr": "fan@pizza.man Зеленый угол Заведение топ! Есть даже пицца",
        "action_flag": 1,
        "change_message": "[{\"added\": {}}]"
    }
},
{
    "model": "admin.logentry",
    "pk": 23,
    "fields": {
        "action_time": "2025-01-06T01:35:37.466Z",
        "user": 1,
        "content_type": 13,
        "object_id": "3",
        "object_repr": "fan@tea.man Зеленый угол Мда, разочарован. Из чая тольк",
        "action_flag": 1,
        "change_message": "[{\"added\": {}}]"
    }
},
{
    "model": "admin.logentry",
    "pk": 24,
    "fields": {
        "action_time": "2025-01-06T01:36:10.448Z",
        "user": 1,
        "content_type": 13,
        "object_id": "4",
        "object_repr": "fan@restouran.man Гриль и Вино Прекрасное заведение! Вина вос",
        "action_flag": 1,
        "change_message": "[{\"added\": {}}]"
    }
},
{
    "model": "admin.logentry",
    "pk": 25,
    "fields": {
        "action_time": "2025-01-06T01:36:41.493Z",
        "user": 1,
        "content_type": 13,
        "object_id": "5",
        "object_repr": "fan@sushi.man Гриль и Вино Я не понял, что это за рестора",
        "action_flag": 1,
        "change_message": "[{\"added\": {}}]"
    }
},
{
    "model": "admin.logentry",
    "pk": 26,
    "fields": {
        "action_time": "2025-01-06T01:37:19.306Z",
        "user": 1,
        "content_type": 13,
        "object_id": "6",
        "object_repr": "fan@tea.man Гриль и Вино Есть вкусные чаи, травяные и в",
        "action_flag": 1,
        "change_message": "[{\"added\": {}}]"
    }
},
{
    "model": "admin.logentry",
    "pk": 27,
    "fields": {
        "action_time": "2025-01-06T01:37:46.730Z",
        "user": 1,
        "content_type": 13,
        "object_id": "7",
        "object_repr": "fan@bar.man Гриль и Вино Есть алкоголь, был рад вечером",
        "action_flag": 1,
        "change_message": "[{\"added\": {}}]"
    }
},
{
    "model": "admin.logentry",
    "pk": 28,
    "fields": {
        "action_time": "2025-01-06T01:38:12.527Z",
        "user": 1,
        "content_type": 13,
        "object_id": "8",
        "object_repr": "fan@pizza.man Мама Мия Супер! Множество пицц, это кру",
        "action_flag": 1,
        "change_message": "[{\"added\": {}}]"
    }
},
{
    "model": "admin.logentry",
    "pk": 29,
    "fields": {
        "action_time": "2025-01-06T01:38:46.352Z",
        "user": 1,
        "content_type": 13,
        "object_id": "9",
        "object_repr": "fan@stolovka.man Мама Мия Нормально, можно зайти похават",
        "action_flag": 1,
        "change_message": "[{\"added\": {}}]"
    }
},
{
    "model": "admin.logentry",
    "pk": 30,
    "fields": {
        "action_time": "2025-01-06T01:39:11.377Z",
        "user": 1,
        "content_type": 13,
        "object_id": "10",
        "object_repr": "fan@coffee.man Черная кошка Прекрасно! Огромный выбор кофе",
        "action_flag": 1,
        "change_message": "[{\"added\": {}}]"
    }
},
{
    "model": "admin.logentry",
    "pk": 31,
    "fields": {
        "action_time": "2025-01-06T01:39:52.690Z",
        "user": 1,
        "content_type": 13,
        "object_id": "11",
        "object_repr": "fan@tea.man Черная кошка А ГДЕ ЧАЙ?!",
        "action_flag": 1,
        "change_message": "[{\"added\": {}}]"
    }
},
{
    "model": "admin.logentry",
    "pk": 32,
    "fields": {
        "action_time": "2025-01-06T01:40:13.187Z",
        "user": 1,
        "content_type": 13,
        "object_id": "12",
        "object_repr": "fan@stolovka.man Дружба Супер! И дешево и вкусно!",
        "action_flag": 1,
        "change_message": "[{\"added\": {}}]"
    }
},
{
    "model": "admin.logentry",
    "pk": 33,
    "fields": {
        "action_time": "2025-01-06T01:40:39.274Z",
        "user": 1,
        "content_type": 13,
        "object_id": "13",
        "object_repr": "fan@restouran.man Дружба Мда, это конечно не понятно чт",
        "action_flag": 1,
        "change_message": "[{\"added\": {}}]"
    }
},
{
    "model": "admin.logentry",
    "pk": 34,
    "fields": {
        "action_time": "2025-01-06T01:41:27.309Z",
        "user": 1,
        "content_type": 12,
        "object_id": "1",
        "object_repr": "fan@tea.man Гриль и Вино Добавите нормальный чай или не",
        "action_flag": 1,
        "change_message": "[{\"added\": {}}]"
    }
},
{
    "model": "admin.logentry",
    "pk": 35,
    "fields": {
        "action_time": "2025-01-06T01:41:46.494Z",
        "user": 1,
        "content_type": 12,
        "object_id": "2",
        "object_repr": "fan@sushi.man Зеленый угол Будут ли суши?",
        "action_flag": 1,
        "change_message": "[{\"added\": {}}]"
    }
},
{
    "model": "admin.logentry",
    "pk": 36,
    "fields": {
        "action_time": "2025-01-06T01:42:14.446Z",
        "user": 1,
        "content_type": 12,
        "object_id": "3",
        "object_repr": "fan@restouran.man Дружба Будете ли изменять интерьер в ",
        "action_flag": 1,
        "change_message": "[{\"added\": {}}]"
    }
},
{
    "model": "admin.logentry",
    "pk": 37,
    "fields": {
        "action_time": "2025-01-06T01:43:27.288Z",
        "user": 1,
        "content_type": 14,
        "object_id": "1",
        "object_repr": "admin@mail.ru оставил 1 к admin@mail.ru Зеленый угол Понравилось, хорошее заведение",
        "action_flag": 1,
        "change_message": "[{\"added\": {}}]"
    }
},
{
    "model": "admin.logentry",
    "pk": 38,
    "fields": {
        "action_time": "2025-01-06T01:43:39.755Z",
        "user": 1,
        "content_type": 14,
        "object_id": "2",
        "object_repr": "admin@mail.ru оставил -1 к fan@pizza.man Зеленый угол Заведение топ! Есть даже пицца",
        "action_flag": 1,
        "change_message": "[{\"added\": {}}]"
    }
},
{
    "model": "admin.logentry",
    "pk": 39,
    "fields": {
        "action_time": "2025-01-06T01:44:09.946Z",
        "user": 1,
        "content_type": 14,
        "object_id": "3",
        "object_repr": "fan@sushi.man оставил 1 к fan@pizza.man Зеленый угол Заведение топ! Есть даже пицца",
        "action_flag": 1,
        "change_message": "[{\"added\": {}}]"
    }
},
{
    "model": "admin.logentry",
    "pk": 40,
    "fields": {
        "action_time": "2025-01-06T01:44:22.707Z",
        "user": 1,
        "content_type": 14,
        "object_id": "4",
        "object_repr": "fan@bar.man оставил 1 к fan@pizza.man Зеленый угол Заведение топ! Есть даже пицца",
        "action_flag": 1,
        "change_message": "[{\"added\": {}}]"
    }
},
{
    "model": "admin.logentry",
    "pk": 41,
    "fields": {
        "action_time": "2025-01-06T01:44:34.431Z",
        "user": 1,
        "content_type": 14,
        "object_id": "5",
        "object_repr": "fan@stolovka.man оставил 1 к fan@pizza.man Зеленый угол Заведение топ! Есть даже пицца",
        "action_flag": 1,
        "change_message": "[{\"added\": {}}]"
    }
},
{
    "model": "admin.logentry",
    "pk": 42,
    "fields": {
        "action_time": "2025-01-06T01:45:10.268Z",
        "user": 1,
        "content_type": 11,
        "object_id": "1",
        "object_repr": "admin@mail.ru Да разве это пицца?! fan@pizza.man Зеленый угол Заведение топ! Есть даже пицца",
        "action_flag": 1,
        "change_message": "[{\"added\": {}}]"
    }
},
{
    "model": "admin.logentry",
    "pk": 43,
    "fields": {
        "action_time": "2025-01-06T01:45:33.138Z",
        "user": 1,
        "content_type": 11,
        "object_id": "2",
        "object_repr": "fan@pizza.man Я в пиццах точно больше твоего admin@mail.ru Да разве это пицца?! fan@pizza.man Зеленый угол Заведение топ! Есть даже пицца",
        "action_flag": 1,
        "change_message": "[{\"added\": {}}]"
    }
},
{
    "model": "admin.logentry",
    "pk": 44,
    "fields": {
        "action_time": "2025-01-06T02:00:43.407Z",
        "user": 1,
        "content_type": 10,
        "object_id": "1",
        "object_repr": "Суши-ка",
        "action_flag": 1,
        "change_message": "[{\"added\": {}}]"
    }
},
{
    "model": "admin.logentry",
    "pk": 45,
    "fields": {
        "action_time": "2025-01-06T02:00:54.555Z",
        "user": 1,
        "content_type": 10,
        "object_id": "2",
        "object_repr": "Горячий камень",
        "action_flag": 1,
        "change_message": "[{\"added\": {}}]"
    }
},
{
    "model": "admin.logentry",
    "pk": 46,
    "fields": {
        "action_time": "2025-01-06T02:01:01.268Z",
        "user": 1,
        "content_type": 10,
        "object_id": "3",
        "object_repr": "Дружба",
        "action_flag": 1,
        "change_message": "[{\"added\": {}}]"
    }
},
{
    "model": "admin.logentry",
    "pk": 47,
    "fields": {
        "action_time": "2025-01-06T02:01:09.977Z",
        "user": 1,
        "content_type": 10,
        "object_id": "4",
        "object_repr": "Восточные традиции",
        "action_flag": 1,
        "change_message": "[{\"added\": {}}]"
    }
},
{
    "model": "admin.logentry",
    "pk": 48,
    "fields": {
        "action_time": "2025-01-06T02:01:17.521Z",
        "user": 1,
        "content_type": 10,
        "object_id": "5",
        "object_repr": "Черная кошка",
        "action_flag": 1,
        "change_message": "[{\"added\": {}}]"
    }
},
{
    "model": "admin.logentry",
    "pk": 49,
    "fields": {
        "action_time": "2025-01-06T02:01:24.122Z",
        "user": 1,
        "content_type": 10,
        "object_id": "6",
        "object_repr": "Мама Мия",
        "action_flag": 1,
        "change_message": "[{\"added\": {}}]"
    }
},
{
    "model": "admin.logentry",
    "pk": 50,
    "fields": {
        "action_time": "2025-01-06T02:01:32.198Z",
        "user": 1,
        "content_type": 10,
        "object_id": "7",
        "object_repr": "Мама Мия",
        "action_flag": 1,
        "change_message": "[{\"added\": {}}]"
    }
},
{
    "model": "admin.logentry",
    "pk": 51,
    "fields": {
        "action_time": "2025-01-06T02:01:39.062Z",
        "user": 1,
        "content_type": 10,
        "object_id": "8",
        "object_repr": "Гриль и Вино",
        "action_flag": 1,
        "change_message": "[{\"added\": {}}]"
    }
},
{
    "model": "admin.logentry",
    "pk": 52,
    "fields": {
        "action_time": "2025-01-06T02:01:45.063Z",
        "user": 1,
        "content_type": 10,
        "object_id": "9",
        "object_repr": "Гриль и Вино",
        "action_flag": 1,
        "change_message": "[{\"added\": {}}]"
    }
},
{
    "model": "admin.logentry",
    "pk": 53,
    "fields": {
        "action_time": "2025-01-06T02:01:52.460Z",
        "user": 1,
        "content_type": 10,
        "object_id": "10",
        "object_repr": "Гриль и Вино",
        "action_flag": 1,
        "change_message": "[{\"added\": {}}]"
    }
},
{
    "model": "admin.logentry",
    "pk": 54,
    "fields": {
        "action_time": "2025-01-06T02:01:59.440Z",
        "user": 1,
        "content_type": 10,
        "object_id": "11",
        "object_repr": "Зеленый угол",
        "action_flag": 1,
        "change_message": "[{\"added\": {}}]"
    }
},
{
    "model": "admin.logentry",
    "pk": 55,
    "fields": {
        "action_time": "2025-01-06T02:02:03.704Z",
        "user": 1,
        "content_type": 10,
        "object_id": "12",
        "object_repr": "Зеленый угол",
        "action_flag": 1,
        "change_message": "[{\"added\": {}}]"
    }
},
{
    "model": "admin.logentry",
    "pk": 56,
    "fields": {
        "action_time": "2025-01-06T02:02:09.576Z",
        "user": 1,
        "content_type": 10,
        "object_id": "13",
        "object_repr": "Зеленый угол",
        "action_flag": 1,
        "change_message": "[{\"added\": {}}]"
    }
},
{
    "model": "auth.permission",
    "pk": 1,
    "fields": {
        "name": "Can add log entry",
        "content_type": 1,
        "codename": "add_logentry"
    }
},
{
    "model": "auth.permission",
    "pk": 2,
    "fields": {
        "name": "Can change log entry",
        "content_type": 1,
        "codename": "change_logentry"
    }
},
{
    "model": "auth.permission",
    "pk": 3,
    "fields": {
        "name": "Can delete log entry",
        "content_type": 1,
        "codename": "delete_logentry"
    }
},
{
    "model": "auth.permission",
    "pk": 4,
    "fields": {
        "name": "Can view log entry",
        "content_type": 1,
        "codename": "view_logentry"
    }
},
{
    "model": "auth.permission",
    "pk": 5,
    "fields": {
        "name": "Can add permission",
        "content_type": 2,
        "codename": "add_permission"
    }
},
{
    "model": "auth.permission",
    "pk": 6,
    "fields": {
        "name": "Can change permission",
        "content_type": 2,
        "codename": "change_permission"
    }
},
{
    "model": "auth.permission",
    "pk": 7,
    "fields": {
        "name": "Can delete permission",
        "content_type": 2,
        "codename": "delete_permission"
    }
},
{
    "model": "auth.permission",
    "pk": 8,
    "fields": {
        "name": "Can view permission",
        "content_type": 2,
        "codename": "view_permission"
    }
},
{
    "model": "auth.permission",
    "pk": 9,
    "fields": {
        "name": "Can add group",
        "content_type": 3,
        "codename": "add_group"
    }
},
{
    "model": "auth.permission",
    "pk": 10,
    "fields": {
        "name": "Can change group",
        "content_type": 3,
        "codename": "change_group"
    }
},
{
    "model": "auth.permission",
    "pk": 11,
    "fields": {
        "name": "Can delete group",
        "content_type": 3,
        "codename": "delete_group"
    }
},
{
    "model": "auth.permission",
    "pk": 12,
    "fields": {
        "name": "Can view group",
        "content_type": 3,
        "codename": "view_group"
    }
},
{
    "model": "auth.permission",
    "pk": 13,
    "fields": {
        "name": "Can add content type",
        "content_type": 4,
        "codename": "add_contenttype"
    }
},
{
    "model": "auth.permission",
    "pk": 14,
    "fields": {
        "name": "Can change content type",
        "content_type": 4,
        "codename": "change_contenttype"
    }
},
{
    "model": "auth.permission",
    "pk": 15,
    "fields": {
        "name": "Can delete content type",
        "content_type": 4,
        "codename": "delete_contenttype"
    }
},
{
    "model": "auth.permission",
    "pk": 16,
    "fields": {
        "name": "Can view content type",
        "content_type": 4,
        "codename": "view_contenttype"
    }
},
{
    "model": "auth.permission",
    "pk": 17,
    "fields": {
        "name": "Can add session",
        "content_type": 5,
        "codename": "add_session"
    }
},
{
    "model": "auth.permission",
    "pk": 18,
    "fields": {
        "name": "Can change session",
        "content_type": 5,
        "codename": "change_session"
    }
},
{
    "model": "auth.permission",
    "pk": 19,
    "fields": {
        "name": "Can delete session",
        "content_type": 5,
        "codename": "delete_session"
    }
},
{
    "model": "auth.permission",
    "pk": 20,
    "fields": {
        "name": "Can view session",
        "content_type": 5,
        "codename": "view_session"
    }
},
{
    "model": "auth.permission",
    "pk": 21,
    "fields": {
        "name": "Can add blacklisted token",
        "content_type": 6,
        "codename": "add_blacklistedtoken"
    }
},
{
    "model": "auth.permission",
    "pk": 22,
    "fields": {
        "name": "Can change blacklisted token",
        "content_type": 6,
        "codename": "change_blacklistedtoken"
    }
},
{
    "model": "auth.permission",
    "pk": 23,
    "fields": {
        "name": "Can delete blacklisted token",
        "content_type": 6,
        "codename": "delete_blacklistedtoken"
    }
},
{
    "model": "auth.permission",
    "pk": 24,
    "fields": {
        "name": "Can view blacklisted token",
        "content_type": 6,
        "codename": "view_blacklistedtoken"
    }
},
{
    "model": "auth.permission",
    "pk": 25,
    "fields": {
        "name": "Can add outstanding token",
        "content_type": 7,
        "codename": "add_outstandingtoken"
    }
},
{
    "model": "auth.permission",
    "pk": 26,
    "fields": {
        "name": "Can change outstanding token",
        "content_type": 7,
        "codename": "change_outstandingtoken"
    }
},
{
    "model": "auth.permission",
    "pk": 27,
    "fields": {
        "name": "Can delete outstanding token",
        "content_type": 7,
        "codename": "delete_outstandingtoken"
    }
},
{
    "model": "auth.permission",
    "pk": 28,
    "fields": {
        "name": "Can view outstanding token",
        "content_type": 7,
        "codename": "view_outstandingtoken"
    }
},
{
    "model": "auth.permission",
    "pk": 29,
    "fields": {
        "name": "Can add Категория",
        "content_type": 8,
        "codename": "add_categories"
    }
},
{
    "model": "auth.permission",
    "pk": 30,
    "fields": {
        "name": "Can change Категория",
        "content_type": 8,
        "codename": "change_categories"
    }
},
{
    "model": "auth.permission",
    "pk": 31,
    "fields": {
        "name": "Can delete Категория",
        "content_type": 8,
        "codename": "delete_categories"
    }
},
{
    "model": "auth.permission",
    "pk": 32,
    "fields": {
        "name": "Can view Категория",
        "content_type": 8,
        "codename": "view_categories"
    }
},
{
    "model": "auth.permission",
    "pk": 33,
    "fields": {
        "name": "Can add Заведение",
        "content_type": 9,
        "codename": "add_places"
    }
},
{
    "model": "auth.permission",
    "pk": 34,
    "fields": {
        "name": "Can change Заведение",
        "content_type": 9,
        "codename": "change_places"
    }
},
{
    "model": "auth.permission",
    "pk": 35,
    "fields": {
        "name": "Can delete Заведение",
        "content_type": 9,
        "codename": "delete_places"
    }
},
{
    "model": "auth.permission",
    "pk": 36,
    "fields": {
        "name": "Can view Заведение",
        "content_type": 9,
        "codename": "view_places"
    }
},
{
    "model": "auth.permission",
    "pk": 37,
    "fields": {
        "name": "Can add Фотографии заведения",
        "content_type": 10,
        "codename": "add_placephotos"
    }
},
{
    "model": "auth.permission",
    "pk": 38,
    "fields": {
        "name": "Can change Фотографии заведения",
        "content_type": 10,
        "codename": "change_placephotos"
    }
},
{
    "model": "auth.permission",
    "pk": 39,
    "fields": {
        "name": "Can delete Фотографии заведения",
        "content_type": 10,
        "codename": "delete_placephotos"
    }
},
{
    "model": "auth.permission",
    "pk": 40,
    "fields": {
        "name": "Can view Фотографии заведения",
        "content_type": 10,
        "codename": "view_placephotos"
    }
},
{
    "model": "auth.permission",
    "pk": 41,
    "fields": {
        "name": "Can add Комментарий",
        "content_type": 11,
        "codename": "add_comments"
    }
},
{
    "model": "auth.permission",
    "pk": 42,
    "fields": {
        "name": "Can change Комментарий",
        "content_type": 11,
        "codename": "change_comments"
    }
},
{
    "model": "auth.permission",
    "pk": 43,
    "fields": {
        "name": "Can delete Комментарий",
        "content_type": 11,
        "codename": "delete_comments"
    }
},
{
    "model": "auth.permission",
    "pk": 44,
    "fields": {
        "name": "Can view Комментарий",
        "content_type": 11,
        "codename": "view_comments"
    }
},
{
    "model": "auth.permission",
    "pk": 45,
    "fields": {
        "name": "Can add Вопрос к заведению",
        "content_type": 12,
        "codename": "add_questions"
    }
},
{
    "model": "auth.permission",
    "pk": 46,
    "fields": {
        "name": "Can change Вопрос к заведению",
        "content_type": 12,
        "codename": "change_questions"
    }
},
{
    "model": "auth.permission",
    "pk": 47,
    "fields": {
        "name": "Can delete Вопрос к заведению",
        "content_type": 12,
        "codename": "delete_questions"
    }
},
{
    "model": "auth.permission",
    "pk": 48,
    "fields": {
        "name": "Can view Вопрос к заведению",
        "content_type": 12,
        "codename": "view_questions"
    }
},
{
    "model": "auth.permission",
    "pk": 49,
    "fields": {
        "name": "Can add Отзыв заведения",
        "content_type": 13,
        "codename": "add_reviews"
    }
},
{
    "model": "auth.permission",
    "pk": 50,
    "fields": {
        "name": "Can change Отзыв заведения",
        "content_type": 13,
        "codename": "change_reviews"
    }
},
{
    "model": "auth.permission",
    "pk": 51,
    "fields": {
        "name": "Can delete Отзыв заведения",
        "content_type": 13,
        "codename": "delete_reviews"
    }
},
{
    "model": "auth.permission",
    "pk": 52,
    "fields": {
        "name": "Can view Отзыв заведения",
        "content_type": 13,
        "codename": "view_reviews"
    }
},
{
    "model": "auth.permission",
    "pk": 53,
    "fields": {
        "name": "Can add Оценка",
        "content_type": 14,
        "codename": "add_votes"
    }
},
{
    "model": "auth.permission",
    "pk": 54,
    "fields": {
        "name": "Can change Оценка",
        "content_type": 14,
        "codename": "change_votes"
    }
},
{
    "model": "auth.permission",
    "pk": 55,
    "fields": {
        "name": "Can delete Оценка",
        "content_type": 14,
        "codename": "delete_votes"
    }
},
{
    "model": "auth.permission",
    "pk": 56,
    "fields": {
        "name": "Can view Оценка",
        "content_type": 14,
        "codename": "view_votes"
    }
},
{
    "model": "auth.permission",
    "pk": 57,
    "fields": {
        "name": "Can add Пользователь",
        "content_type": 15,
        "codename": "add_user"
    }
},
{
    "model": "auth.permission",
    "pk": 58,
    "fields": {
        "name": "Can change Пользователь",
        "content_type": 15,
        "codename": "change_user"
    }
},
{
    "model": "auth.permission",
    "pk": 59,
    "fields": {
        "name": "Can delete Пользователь",
        "content_type": 15,
        "codename": "delete_user"
    }
},
{
    "model": "auth.permission",
    "pk": 60,
    "fields": {
        "name": "Can view Пользователь",
        "content_type": 15,
        "codename": "view_user"
    }
},
{
    "model": "contenttypes.contenttype",
    "pk": 1,
    "fields": {
        "app_label": "admin",
        "model": "logentry"
    }
},
{
    "model": "contenttypes.contenttype",
    "pk": 2,
    "fields": {
        "app_label": "auth",
        "model": "permission"
    }
},
{
    "model": "contenttypes.contenttype",
    "pk": 3,
    "fields": {
        "app_label": "auth",
        "model": "group"
    }
},
{
    "model": "contenttypes.contenttype",
    "pk": 4,
    "fields": {
        "app_label": "contenttypes",
        "model": "contenttype"
    }
},
{
    "model": "contenttypes.contenttype",
    "pk": 5,
    "fields": {
        "app_label": "sessions",
        "model": "session"
    }
},
{
    "model": "contenttypes.contenttype",
    "pk": 6,
    "fields": {
        "app_label": "token_blacklist",
        "model": "blacklistedtoken"
    }
},
{
    "model": "contenttypes.contenttype",
    "pk": 7,
    "fields": {
        "app_label": "token_blacklist",
        "model": "outstandingtoken"
    }
},
{
    "model": "contenttypes.contenttype",
    "pk": 8,
    "fields": {
        "app_label": "reviews",
        "model": "categories"
    }
},
{
    "model": "contenttypes.contenttype",
    "pk": 9,
    "fields": {
        "app_label": "reviews",
        "model": "places"
    }
},
{
    "model": "contenttypes.contenttype",
    "pk": 10,
    "fields": {
        "app_label": "reviews",
        "model": "placephotos"
    }
},
{
    "model": "contenttypes.contenttype",
    "pk": 11,
    "fields": {
        "app_label": "reviews",
        "model": "comments"
    }
},
{
    "model": "contenttypes.contenttype",
    "pk": 12,
    "fields": {
        "app_label": "reviews",
        "model": "questions"
    }
},
{
    "model": "contenttypes.contenttype",
    "pk": 13,
    "fields": {
        "app_label": "reviews",
        "model": "reviews"
    }
},
{
    "model": "contenttypes.contenttype",
    "pk": 14,
    "fields": {
        "app_label": "reviews",
        "model": "votes"
    }
},
{
    "model": "contenttypes.contenttype",
    "pk": 15,
    "fields": {
        "app_label": "users",
        "model": "user"
    }
},
{
    "model": "sessions.session",
    "pk": "a8gv7onyt3jc89fu7jwfvf1sbfq208pm",
    "fields": {
        "session_data": ".eJxVjEEOwiAQRe_C2hBoAcGle8_QzHRmpGogKe3KeHfbpAvdvvf-f6sB1iUPa-N5mEhdlFWnX4YwPrnsgh5Q7lWPtSzzhHpP9GGbvlXi1_Vo_w4ytLytIwiyI8HoDXbJ2TM6SdZ1fQooATaKYplNCIHA9JBiMuDJg7EiGNTnC_d-OFo:1tUblB:KMWWokO5XpizoaUE-5ePQ9UUQOoQt-Gxbi4cQdDkLos",
        "expire_date": "2025-01-20T01:18:25.797Z"
    }
},
{
    "model": "reviews.categories",
    "pk": 1,
    "fields": {
        "name": "Ресторан",
        "slug": "restoran"
    }
},
{
    "model": "reviews.categories",
    "pk": 2,
    "fields": {
        "name": "Фастфуд",
        "slug": "fastfud"
    }
},
{
    "model": "reviews.categories",
    "pk": 3,
    "fields": {
        "name": "Бар",
        "slug": "bar"
    }
},
{
    "model": "reviews.categories",
    "pk": 4,
    "fields": {
        "name": "Кафе",
        "slug": "kafe"
    }
},
{
    "model": "reviews.categories",
    "pk": 5,
    "fields": {
        "name": "Кофейня",
        "slug": "kofeinia"
    }
},
{
    "model": "reviews.categories",
    "pk": 6,
    "fields": {
        "name": "Кондитерская",
        "slug": "konditerskaia"
    }
},
{
    "model": "reviews.categories",
    "pk": 7,
    "fields": {
        "name": "Суши-бар",
        "slug": "sushi-bar"
    }
},
{
    "model": "reviews.categories",
    "pk": 8,
    "fields": {
        "name": "Чайная",
        "slug": "chainaia"
    }
},
{
    "model": "reviews.categories",
    "pk": 9,
    "fields": {
        "name": "Пиццерия",
        "slug": "pitstseriia"
    }
},
{
    "model": "reviews.categories",
    "pk": 10,
    "fields": {
        "name": "Столовая",
        "slug": "stolovaia"
    }
},
{
    "model": "reviews.places",
    "pk": 1,
    "fields": {
        "name": "Зеленый угол",
        "address": "ул. Ленина, 25",
        "category_id": 4,
        "about": "Кафе с уютной атмосферой и вкусным кофе, идеально подходящее для встреч с друзьями и деловых обедов.",
        "slug": "zelenyi-ugol"
    }
},
{
    "model": "reviews.places",
    "pk": 2,
    "fields": {
        "name": "Гриль и Вино",
        "address": "пр. Мира, 38",
        "category_id": 1,
        "about": "Ресторан с авторской кухней, где каждый вечер живое исполнение музыки и лучшие вина из разных уголков мира.",
        "slug": "gril-i-vino"
    }
},
{
    "model": "reviews.places",
    "pk": 3,
    "fields": {
        "name": "Мама Мия",
        "address": "ул. Пушкина, 12",
        "category_id": 9,
        "about": "Пиццерия с широким выбором пицц и паст, итальянские традиции и настоящие итальянские продукты.",
        "slug": "mama-miia"
    }
},
{
    "model": "reviews.places",
    "pk": 4,
    "fields": {
        "name": "Черная кошка",
        "address": "ул. Победы, 15",
        "category_id": 5,
        "about": "Маленькая кофейня, известная своими десертами и угощениями, уютная обстановка для работы и отдыха.",
        "slug": "chernaia-koshka"
    }
},
{
    "model": "reviews.places",
    "pk": 5,
    "fields": {
        "name": "Восточные традиции",
        "address": "пер. Пионерский, 4",
        "category_id": 8,
        "about": "Чайная, где подаются лучшие сорта чая, а также десерты и печенье, приготовленные по старинным рецептам.",
        "slug": "vostochnye-traditsii"
    }
},
{
    "model": "reviews.places",
    "pk": 6,
    "fields": {
        "name": "Дружба",
        "address": "ул. Садовая, 10",
        "category_id": 10,
        "about": "Столовая, предлагающая недорогие и вкусные обеды для работников и студентов в центре города.",
        "slug": "druzhba"
    }
},
{
    "model": "reviews.places",
    "pk": 7,
    "fields": {
        "name": "Горячий камень",
        "address": "пр. Ленина, 5",
        "category_id": 3,
        "about": "Бар с уникальными коктейлями и винной картой, где каждый вечер проходят тематические вечеринки.",
        "slug": "goriachii-kamen"
    }
},
{
    "model": "reviews.places",
    "pk": 8,
    "fields": {
        "name": "Суши-ка",
        "address": "пр. Кутузова, 3",
        "category_id": 7,
        "about": "Суши-бар, предлагающий свежие суши и сашими, а также японские десерты и напитки.",
        "slug": "sushi-ka"
    }
},
{
    "model": "reviews.placephotos",
    "pk": 1,
    "fields": {
        "place_id": 8,
        "image": "images/sushi_bar_1.jpg"
    }
},
{
    "model": "reviews.placephotos",
    "pk": 2,
    "fields": {
        "place_id": 7,
        "image": "images/hot_stone_1.jpg"
    }
},
{
    "model": "reviews.placephotos",
    "pk": 3,
    "fields": {
        "place_id": 6,
        "image": "images/stolovka_1.jpg"
    }
},
{
    "model": "reviews.placephotos",
    "pk": 4,
    "fields": {
        "place_id": 5,
        "image": "images/east_tradition_1.jpg"
    }
},
{
    "model": "reviews.placephotos",
    "pk": 5,
    "fields": {
        "place_id": 4,
        "image": "images/black_cat_1.jpg"
    }
},
{
    "model": "reviews.placephotos",
    "pk": 6,
    "fields": {
        "place_id": 3,
        "image": "images/mama_mia_1.jpg"
    }
},
{
    "model": "reviews.placephotos",
    "pk": 7,
    "fields": {
        "place_id": 3,
        "image": "images/mama_mia_2.jpg"
    }
},
{
    "model": "reviews.placephotos",
    "pk": 8,
    "fields": {
        "place_id": 2,
        "image": "images/grill_and_vine_1.jpg"
    }
},
{
    "model": "reviews.placephotos",
    "pk": 9,
    "fields": {
        "place_id": 2,
        "image": "images/grill_and_vine_2.jpg"
    }
},
{
    "model": "reviews.placephotos",
    "pk": 10,
    "fields": {
        "place_id": 2,
        "image": "images/grill_and_vine_3.jpg"
    }
},
{
    "model": "reviews.placephotos",
    "pk": 11,
    "fields": {
        "place_id": 1,
        "image": "images/Green_corner_1.jpg"
    }
},
{
    "model": "reviews.placephotos",
    "pk": 12,
    "fields": {
        "place_id": 1,
        "image": "images/Green_corner_2.jpg"
    }
},
{
    "model": "reviews.placephotos",
    "pk": 13,
    "fields": {
        "place_id": 1,
        "image": "images/Green_corner_3.jpg"
    }
},
{
    "model": "reviews.reviews",
    "pk": 1,
    "fields": {
        "created_at": "2025-01-06T01:34:02.104Z",
        "updated_at": "2025-01-06T01:34:02.104Z",
        "place_id": 1,
        "user_id": 1,
        "text": "Понравилось, хорошее заведение",
        "price": 5,
        "service": 5,
        "interior": 5
    }
},
{
    "model": "reviews.reviews",
    "pk": 2,
    "fields": {
        "created_at": "2025-01-06T01:34:34.109Z",
        "updated_at": "2025-01-06T01:34:34.109Z",
        "place_id": 1,
        "user_id": 2,
        "text": "Заведение топ! Есть даже пицца, а я её очень сильно люблю",
        "price": 5,
        "service": 5,
        "interior": 5
    }
},
{
    "model": "reviews.reviews",
    "pk": 3,
    "fields": {
        "created_at": "2025-01-06T01:35:37.464Z",
        "updated_at": "2025-01-06T01:35:37.465Z",
        "place_id": 1,
        "user_id": 7,
        "text": "Мда, разочарован. Из чая только подобие из бутылки в холодном виде! Не рекомендую",
        "price": 2,
        "service": 3,
        "interior": 3
    }
},
{
    "model": "reviews.reviews",
    "pk": 4,
    "fields": {
        "created_at": "2025-01-06T01:36:10.447Z",
        "updated_at": "2025-01-06T01:36:10.447Z",
        "place_id": 2,
        "user_id": 5,
        "text": "Прекрасное заведение! Вина восхитительны, вернусь сюда еще не раз",
        "price": 5,
        "service": 5,
        "interior": 5
    }
},
{
    "model": "reviews.reviews",
    "pk": 5,
    "fields": {
        "created_at": "2025-01-06T01:36:41.492Z",
        "updated_at": "2025-01-06T01:36:41.492Z",
        "place_id": 2,
        "user_id": 3,
        "text": "Я не понял, что это за ресторан и без суши!!! Ужасно",
        "price": 1,
        "service": 1,
        "interior": 1
    }
},
{
    "model": "reviews.reviews",
    "pk": 6,
    "fields": {
        "created_at": "2025-01-06T01:37:19.304Z",
        "updated_at": "2025-01-06T01:37:19.305Z",
        "place_id": 2,
        "user_id": 7,
        "text": "Есть вкусные чаи, травяные и вообще всякие! Понравилось",
        "price": 4,
        "service": 4,
        "interior": 5
    }
},
{
    "model": "reviews.reviews",
    "pk": 7,
    "fields": {
        "created_at": "2025-01-06T01:37:46.729Z",
        "updated_at": "2025-01-06T01:37:46.729Z",
        "place_id": 2,
        "user_id": 4,
        "text": "Есть алкоголь, был рад вечером, но грустен утром...",
        "price": 4,
        "service": 4,
        "interior": 4
    }
},
{
    "model": "reviews.reviews",
    "pk": 8,
    "fields": {
        "created_at": "2025-01-06T01:38:12.526Z",
        "updated_at": "2025-01-06T01:38:12.526Z",
        "place_id": 3,
        "user_id": 2,
        "text": "Супер! Множество пицц, это круто",
        "price": 5,
        "service": 5,
        "interior": 5
    }
},
{
    "model": "reviews.reviews",
    "pk": 9,
    "fields": {
        "created_at": "2025-01-06T01:38:46.351Z",
        "updated_at": "2025-01-06T01:38:46.351Z",
        "place_id": 3,
        "user_id": 6,
        "text": "Нормально, можно зайти похавать, но дороговато",
        "price": 3,
        "service": 4,
        "interior": 4
    }
},
{
    "model": "reviews.reviews",
    "pk": 10,
    "fields": {
        "created_at": "2025-01-06T01:39:11.376Z",
        "updated_at": "2025-01-06T01:39:11.376Z",
        "place_id": 4,
        "user_id": 8,
        "text": "Прекрасно! Огромный выбор кофе!",
        "price": 5,
        "service": 5,
        "interior": 5
    }
},
{
    "model": "reviews.reviews",
    "pk": 11,
    "fields": {
        "created_at": "2025-01-06T01:39:52.689Z",
        "updated_at": "2025-01-06T01:39:52.689Z",
        "place_id": 4,
        "user_id": 7,
        "text": "А ГДЕ ЧАЙ?!",
        "price": 1,
        "service": 1,
        "interior": 1
    }
},
{
    "model": "reviews.reviews",
    "pk": 12,
    "fields": {
        "created_at": "2025-01-06T01:40:13.186Z",
        "updated_at": "2025-01-06T01:40:13.186Z",
        "place_id": 6,
        "user_id": 6,
        "text": "Супер! И дешево и вкусно!",
        "price": 5,
        "service": 5,
        "interior": 5
    }
},
{
    "model": "reviews.reviews",
    "pk": 13,
    "fields": {
        "created_at": "2025-01-06T01:40:39.273Z",
        "updated_at": "2025-01-06T01:40:39.273Z",
        "place_id": 6,
        "user_id": 5,
        "text": "Мда, это конечно не понятно что... Но дешево",
        "price": 5,
        "service": 1,
        "interior": 1
    }
},
{
    "model": "reviews.questions",
    "pk": 1,
    "fields": {
        "created_at": "2025-01-06T01:41:27.308Z",
        "updated_at": "2025-01-06T01:41:27.308Z",
        "place_id": 2,
        "user_id": 7,
        "text": "Добавите нормальный чай или нет?"
    }
},
{
    "model": "reviews.questions",
    "pk": 2,
    "fields": {
        "created_at": "2025-01-06T01:41:46.493Z",
        "updated_at": "2025-01-06T01:41:46.493Z",
        "place_id": 1,
        "user_id": 3,
        "text": "Будут ли суши?"
    }
},
{
    "model": "reviews.questions",
    "pk": 3,
    "fields": {
        "created_at": "2025-01-06T01:42:14.445Z",
        "updated_at": "2025-01-06T01:42:14.445Z",
        "place_id": 6,
        "user_id": 5,
        "text": "Будете ли изменять интерьер в вашем заведении?"
    }
},
{
    "model": "reviews.comments",
    "pk": 1,
    "fields": {
        "created_at": "2025-01-06T01:45:10.266Z",
        "updated_at": "2025-01-06T01:45:10.266Z",
        "user_id": 1,
        "content_type": 13,
        "object_id": 2,
        "text": "Да разве это пицца?!"
    }
},
{
    "model": "reviews.comments",
    "pk": 2,
    "fields": {
        "created_at": "2025-01-06T01:45:33.135Z",
        "updated_at": "2025-01-06T01:45:33.135Z",
        "user_id": 2,
        "content_type": 11,
        "object_id": 1,
        "text": "Я в пиццах точно больше твоего понимаю!"
    }
},
{
    "model": "reviews.votes",
    "pk": 1,
    "fields": {
        "created_at": "2025-01-06T01:43:27.286Z",
        "updated_at": "2025-01-06T01:43:27.286Z",
        "user_id": 1,
        "content_type": 13,
        "object_id": 1,
        "vote_type": 1
    }
},
{
    "model": "reviews.votes",
    "pk": 2,
    "fields": {
        "created_at": "2025-01-06T01:43:39.753Z",
        "updated_at": "2025-01-06T01:43:39.753Z",
        "user_id": 1,
        "content_type": 13,
        "object_id": 2,
        "vote_type": -1
    }
},
{
    "model": "reviews.votes",
    "pk": 3,
    "fields": {
        "created_at": "2025-01-06T01:44:09.944Z",
        "updated_at": "2025-01-06T01:44:09.944Z",
        "user_id": 3,
        "content_type": 13,
        "object_id": 2,
        "vote_type": 1
    }
},
{
    "model": "reviews.votes",
    "pk": 4,
    "fields": {
        "created_at": "2025-01-06T01:44:22.706Z",
        "updated_at": "2025-01-06T01:44:22.706Z",
        "user_id": 4,
        "content_type": 13,
        "object_id": 2,
        "vote_type": 1
    }
},
{
    "model": "reviews.votes",
    "pk": 5,
    "fields": {
        "created_at": "2025-01-06T01:44:34.429Z",
        "updated_at": "2025-01-06T01:44:34.429Z",
        "user_id": 6,
        "content_type": 13,
        "object_id": 2,
        "vote_type": 1
    }
},
{
    "model": "users.user",
    "pk": 1,
    "fields": {
        "password": "pbkdf2_sha256$870000$78vmIxhssPpf1P62OhKu3v$8iEQySaBH+mvrfplJODGRArD9T/RS4mLsd6rNTS1sZE=",
        "last_login": "2025-01-06T01:18:25.729Z",
        "FIO": "admin",
        "email": "admin@mail.ru",
        "is_staff": true,
        "is_superuser": true,
        "is_active": true,
        "date_joined": "2025-01-06T01:16:55.125Z",
        "groups": [],
        "user_permissions": []
    }
},
{
    "model": "users.user",
    "pk": 2,
    "fields": {
        "password": "pbkdf2_sha256$870000$skk0PN06hQp1nb698wwpDl$R6botllmLhCM1bzycC8nnO7lSJT1n5ThDv/lDses6io=",
        "last_login": null,
        "FIO": "Fan Pizza Man",
        "email": "fan@pizza.man",
        "is_staff": false,
        "is_superuser": false,
        "is_active": true,
        "date_joined": "2025-01-06T01:31:21.606Z",
        "groups": [],
        "user_permissions": []
    }
},
{
    "model": "users.user",
    "pk": 3,
    "fields": {
        "password": "pbkdf2_sha256$870000$2byflk8y6FdX9cYMAvsYxM$88h0rqLfF58k2VANBXVfciKLXARAR5paWHTOmjEL5iM=",
        "last_login": null,
        "FIO": "Fan Sushi Man",
        "email": "fan@sushi.man",
        "is_staff": false,
        "is_superuser": false,
        "is_active": true,
        "date_joined": "2025-01-06T01:31:38.614Z",
        "groups": [],
        "user_permissions": []
    }
},
{
    "model": "users.user",
    "pk": 4,
    "fields": {
        "password": "pbkdf2_sha256$870000$wie0YnDNRPpCvcgVVLCdeF$mDla1+KIKiu95HvfYA/89WtFiZaGh87z5MCHpT05/NI=",
        "last_login": null,
        "FIO": "Fan Bar Man",
        "email": "fan@bar.man",
        "is_staff": false,
        "is_superuser": false,
        "is_active": true,
        "date_joined": "2025-01-06T01:31:49.394Z",
        "groups": [],
        "user_permissions": []
    }
},
{
    "model": "users.user",
    "pk": 5,
    "fields": {
        "password": "pbkdf2_sha256$870000$L9vBukrVJOu2siQMchyBAk$21mzmKlf1OesME78YTso9K+AWBmGFTYFiTZqip5f37E=",
        "last_login": null,
        "FIO": "Fan Restouran Man",
        "email": "fan@restouran.man",
        "is_staff": false,
        "is_superuser": false,
        "is_active": true,
        "date_joined": "2025-01-06T01:32:05.410Z",
        "groups": [],
        "user_permissions": []
    }
},
{
    "model": "users.user",
    "pk": 6,
    "fields": {
        "password": "pbkdf2_sha256$870000$RLm3n5HJsCsFdTgYrgbxXZ$aiNueDq5zeN4MkmpqYY4gqL5j3DQqJZ36K4LZgc25aA=",
        "last_login": null,
        "FIO": "Fan Stolovka Man",
        "email": "fan@stolovka.man",
        "is_staff": false,
        "is_superuser": false,
        "is_active": true,
        "date_joined": "2025-01-06T01:32:18.777Z",
        "groups": [],
        "user_permissions": []
    }
},
{
    "model": "users.user",
    "pk": 7,
    "fields": {
        "password": "pbkdf2_sha256$870000$FB2apxhF7G1lN5jLxsfIfs$tB0coLc7CPUDk5VR2CZw8kKNQf5heVBluktlr367oP0=",
        "last_login": null,
        "FIO": "Fan tea Man",
        "email": "fan@tea.man",
        "is_staff": false,
        "is_superuser": false,
        "is_active": true,
        "date_joined": "2025-01-06T01:32:33.159Z",
        "groups": [],
        "user_permissions": []
    }
},
{
    "model": "users.user",
    "pk": 8,
    "fields": {
        "password": "pbkdf2_sha256$870000$LdyCJYeXf0dJm5HOOTLJ1d$gshksQiQDxuEMhWTB7kTVo7kFFN3kZuFKWG+1hW7Q04=",
        "last_login": null,
        "FIO": "Fan coffee Man",
        "email": "fan@coffee.man",
        "is_staff": false,
        "is_superuser": false,
        "is_active": true,
        "date_joined": "2025-01-06T01:32:47.219Z",
        "groups": [],
        "user_permissions": []
    }
}
]
